functional_block,reference_designator,bom_id,manufacturer,exact_mpn,description,board_region,assembly_status,package,body_length_mm,body_width_mm,body_height_mm,land_pattern,courtyard,keepout,pin_pitch,mass_g,operating_voltage,typical_power,peak_power,thermal_notes,placement_notes,source_document,source_revision,source_page,source_url_or_file,confidence,freeze_status,schematic_status,footprint_status,3d_model_status,next_action
EVT Debug Tail,J2,C035,TBD,USB-C 16p USB2-only,EVT USB-C — 5 V sink + USB2 OTG (no USB3/DP). For MaskROM/ADB/firmware/lab supply.,EVT Debug Tail,Fit,AI_Glasses_V2:USB_C_16P_MidMount,,,,AI_Glasses_V2:USB_C_16P_MidMount,TBD; use official package drawing before layout,TBD; see placement notes,TBD,TBD,TBD,TBD,TBD,TBD after thermal review,,Current V2 generated schematic/BOM master,generated 2026-07-01,scripts/chipdown_bom.py,v2_chipdown/scripts/chipdown_bom.py,high for current project intent; not a package drawing,Fit,present in current schematic,candidate; verify official drawing/land pattern/height before layout,HOLD/TBD; no verified aligned STEP in V2 KiCad,Connector height + shell opening co-freeze
EVT Debug Tail,R1,C037a,TBD,5.1k 1%,USB-C CC1 Rd — 5.1k 1% sink pulldown. LOCK value + 1% (V1 audit rule).,EVT Debug Tail,Fit,AI_Glasses_V2:R_0402,,,,AI_Glasses_V2:R_0402,TBD; use official package drawing before layout,TBD; see placement notes,TBD,TBD,TBD,TBD,TBD,TBD after thermal review,,Current V2 generated schematic/BOM master,generated 2026-07-01,scripts/chipdown_bom.py,v2_chipdown/scripts/chipdown_bom.py,high for current project intent; not a package drawing,Fit,present in current schematic,candidate; verify official drawing/land pattern/height before layout,HOLD/TBD; no verified aligned STEP in V2 KiCad,USB-C spec
EVT Debug Tail,R2,C037b,TBD,5.1k 1%,USB-C CC2 Rd — 5.1k 1% sink pulldown.,EVT Debug Tail,Fit,AI_Glasses_V2:R_0402,,,,AI_Glasses_V2:R_0402,TBD; use official package drawing before layout,TBD; see placement notes,TBD,TBD,TBD,TBD,TBD,TBD after thermal review,,Current V2 generated schematic/BOM master,generated 2026-07-01,scripts/chipdown_bom.py,v2_chipdown/scripts/chipdown_bom.py,high for current project intent; not a package drawing,Fit,present in current schematic,candidate; verify official drawing/land pattern/height before layout,HOLD/TBD; no verified aligned STEP in V2 KiCad,USB-C spec
EVT Debug Tail,SW1,C042a,TBD,Power/PWRKEY,Power key — RK3576 PWRON via AON/PMIC.,EVT Debug Tail,Fit,Button_Switch_SMD:SW_Push_1P1T_NO_CK_KMR2,,,,Button_Switch_SMD:SW_Push_1P1T_NO_CK_KMR2,TBD; use official package drawing before layout,TBD; see placement notes,TBD,TBD,TBD,TBD,TBD,TBD after thermal review,,Current V2 generated schematic/BOM master,generated 2026-07-01,scripts/chipdown_bom.py,v2_chipdown/scripts/chipdown_bom.py,high for current project intent; not a package drawing,Fit,present in current schematic,candidate; verify official drawing/land pattern/height before layout,HOLD/TBD; no verified aligned STEP in V2 KiCad,First chip-down must recover from boot failure
EVT Debug Tail,SW2,C042b,TBD,Reset,Reset key — RK3576 RESET_n.,EVT Debug Tail,Fit,Button_Switch_SMD:SW_Push_1P1T_NO_CK_KMR2,,,,Button_Switch_SMD:SW_Push_1P1T_NO_CK_KMR2,TBD; use official package drawing before layout,TBD; see placement notes,TBD,TBD,TBD,TBD,TBD,TBD after thermal review,,Current V2 generated schematic/BOM master,generated 2026-07-01,scripts/chipdown_bom.py,v2_chipdown/scripts/chipdown_bom.py,high for current project intent; not a package drawing,Fit,present in current schematic,candidate; verify official drawing/land pattern/height before layout,HOLD/TBD; no verified aligned STEP in V2 KiCad,Bring-up
EVT Debug Tail,SW3,C042c,TBD,MaskROM/Recovery,MaskROM/recovery key — force USB recovery boot.,EVT Debug Tail,Fit,Button_Switch_SMD:SW_Push_1P1T_NO_CK_KMR2,,,,Button_Switch_SMD:SW_Push_1P1T_NO_CK_KMR2,TBD; use official package drawing before layout,TBD; see placement notes,TBD,TBD,TBD,TBD,TBD,TBD after thermal review,,Current V2 generated schematic/BOM master,generated 2026-07-01,scripts/chipdown_bom.py,v2_chipdown/scripts/chipdown_bom.py,high for current project intent; not a package drawing,Fit,present in current schematic,candidate; verify official drawing/land pattern/height before layout,HOLD/TBD; no verified aligned STEP in V2 KiCad,Bring-up (recover from bad boot)
EVT Debug Tail,TP1,C041,TBD,UART/SWD pogo pads,UART/SWD test pads — RK3576 UART0 + nRF SWD + GND/VREF for bring-up (no connector height).,EVT Debug Tail,Fit,AI_Glasses_V2:TestPad_Set,,,,AI_Glasses_V2:TestPad_Set,TBD; use official package drawing before layout,TBD; see placement notes,TBD,TBD,TBD,TBD,TBD,TBD after thermal review,,Current V2 generated schematic/BOM master,generated 2026-07-01,scripts/chipdown_bom.py,v2_chipdown/scripts/chipdown_bom.py,high for current project intent; not a package drawing,Fit,present in current schematic,candidate; verify official drawing/land pattern/height before layout,HOLD/TBD; no verified aligned STEP in V2 KiCad,Voltage domain clearly labelled (no 3.3V into 1.8V IO)
EVT Debug Tail,U24,C036,TBD,TPD2E001,USB2 ESD — low-cap ESD on D+/D- near the connector.,EVT Debug Tail,Fit,Package_TO_SOT_SMD:SOT-23-3,,,,Package_TO_SOT_SMD:SOT-23-3,TBD; use official package drawing before layout,TBD; see placement notes,TBD,TBD,TBD,TBD,TBD,TBD after thermal review,,Current V2 generated schematic/BOM master,generated 2026-07-01,scripts/chipdown_bom.py,v2_chipdown/scripts/chipdown_bom.py,high for current project intent; not a package drawing,Fit,present in current schematic,candidate; verify official drawing/land pattern/height before layout,HOLD/TBD; no verified aligned STEP in V2 KiCad,Keep ~90 ohm diff + continuous ref gnd
front FPC connector,J3,C038,Hirose,FH26W series pin count TBD,Front<->temple high-speed FPC — carries MIPI CSI + PDM + I2C + control + camera power + GND across to the compute/AON boards. Documents the hinge-FPC pin list.,Front Sensor Board,HOLD,"0.3 mm pitch, 1.0 mm height, bottom-contact/front-flip ZIF",12.0,3.5,1.0,AI_Glasses_V2:VERIFY_FPC_FH26W,TBD; use official package drawing before layout,TBD; see placement notes,TBD,TBD,MIPI/PDM/I2C/CAM rails/GND,passive,pin-current TBD,TBD after thermal review,35-pin length is only an example. Final pin count and contact orientation are G12 blockers.,AI Glasses Hardware Dimensions V2.3,2026-07-01,pp. 1-10,/Users/stanley/Downloads/AI_Glasses_Hardware_Dimensions_V2.3.pdf,medium; project extraction from BOM PDFs,HOLD,present in current schematic,NOT_FOR_FAB placeholder; not release-ready,HOLD/TBD; no verified aligned STEP in V2 KiCad,G12 (pin count from final cam lane/mic/power split)
camera buck inductor,L3,C020b,TBD,cam 1.1 V inductor TBD,Camera 1.1 V buck inductor — SW->1V1.,Front Sensor Board,Fit,target 1.6 x 0.8 mm class,1.6,0.8,,AI_Glasses_V2:VERIFY_L_1.6x0.8,TBD; use official package drawing before layout,TBD; see placement notes,TBD,TBD,CAM_1V1 buck,loss TBD,DVDD current plus ripple,TBD after thermal review,"MPN, DCR, Isat, height and camera noise impact required.",Current V2 generated schematic/BOM master,generated 2026-07-01,scripts/chipdown_bom.py,v2_chipdown/scripts/chipdown_bom.py,high for current project intent; not a package drawing,TBD,present in current schematic,NOT_FOR_FAB placeholder; not release-ready,HOLD/TBD; no verified aligned STEP in V2 KiCad,Per TPS62840 design
wake microphone,MK1,C013a,TDK InvenSense,T5837,PDM wake mic — dedicated always-on wake channel into NDP120 (AON audio domain). Deep Off must capture without RK3576.,Front Sensor Board,Fit,bottom-port LGA-5,3.5,2.65,0.98,AI_Glasses_V2:LGA-5_3.5x2.65,TBD; use official package drawing before layout,TBD; see placement notes,TBD,TBD,AON microphone rail/PDM,3 mW wake-mic budget,TBD by mode,TBD after thermal review,"Requires sound port, acoustic keep-out and wind/AEC placement review.",AI Glasses Hardware Dimensions V2.3,2026-07-01,pp. 1-10,/Users/stanley/Downloads/AI_Glasses_Hardware_Dimensions_V2.3.pdf,medium; project extraction from BOM PDFs,PROVISIONAL,present in current schematic,candidate; verify official drawing/land pattern/height before layout,HOLD/TBD; no verified aligned STEP in V2 KiCad,G11 (mic coords/ports/wind/wake + AEC/beamforming)
array microphone 1,MK2,C013b,TDK InvenSense,T5837,PDM array mic 1 — into RK3576 PDM for beamforming during vision/voice tasks.,Front Sensor Board,Fit,bottom-port LGA-5,3.5,2.65,0.98,AI_Glasses_V2:LGA-5_3.5x2.65,TBD; use official package drawing before layout,TBD; see placement notes,TBD,TBD,camera/compute audio PDM rail,array mic share in active states,TBD by mode,TBD after thermal review,Mic coordinate spacing and port path remain G11.,AI Glasses Hardware Dimensions V2.3,2026-07-01,pp. 1-10,/Users/stanley/Downloads/AI_Glasses_Hardware_Dimensions_V2.3.pdf,medium; project extraction from BOM PDFs,PROVISIONAL,present in current schematic,candidate; verify official drawing/land pattern/height before layout,HOLD/TBD; no verified aligned STEP in V2 KiCad,G11
array microphone 2,MK3,C013c,TDK InvenSense,T5837,PDM array mic 2 — second array channel (L/R stereo on shared PDM clock).,Front Sensor Board,Fit,bottom-port LGA-5,3.5,2.65,0.98,AI_Glasses_V2:LGA-5_3.5x2.65,TBD; use official package drawing before layout,TBD; see placement notes,TBD,TBD,camera/compute audio PDM rail,array mic share in active states,TBD by mode,TBD after thermal review,Mic coordinate spacing and port path remain G11.,AI Glasses Hardware Dimensions V2.3,2026-07-01,pp. 1-10,/Users/stanley/Downloads/AI_Glasses_Hardware_Dimensions_V2.3.pdf,medium; project extraction from BOM PDFs,PROVISIONAL,present in current schematic,candidate; verify official drawing/land pattern/height before layout,HOLD/TBD; no verified aligned STEP in V2 KiCad,G11
Front Sensor Board,MK4,C014,TBD,T5837 (4th mic),"4th array mic — footprint only; on the switchable AON_LSW2 rail (nPM1300 load switch, §14 'spare mic') so it can be fully powered down. Not populated until array/wind tests.",Front Sensor Board,DNP,AI_Glasses_V2:LGA-5_3.5x2.65,,,,AI_Glasses_V2:LGA-5_3.5x2.65,TBD; use official package drawing before layout,TBD; see placement notes,TBD,TBD,TBD,TBD,TBD,TBD after thermal review,,Current V2 generated schematic/BOM master,generated 2026-07-01,scripts/chipdown_bom.py,v2_chipdown/scripts/chipdown_bom.py,high for current project intent; not a package drawing,DNP,present in current schematic,DNP; do not treat as release BOM,HOLD/TBD; no verified aligned STEP in V2 KiCad,G11 (populate only if array sim/proto needs it)
Front Sensor Board,R13,C046c,TBD,100k,CAM_1V1_EN pull-down — camera core buck default OFF.,Front Sensor Board,Fit,AI_Glasses_V2:R_0402,,,,AI_Glasses_V2:R_0402,TBD; use official package drawing before layout,TBD; see placement notes,TBD,TBD,TBD,TBD,TBD,TBD after thermal review,,Current V2 generated schematic/BOM master,generated 2026-07-01,scripts/chipdown_bom.py,v2_chipdown/scripts/chipdown_bom.py,high for current project intent; not a package drawing,Fit,present in current schematic,candidate; verify official drawing/land pattern/height before layout,HOLD/TBD; no verified aligned STEP in V2 KiCad,Default OFF (§4)
Front Sensor Board,R14,C046d,TBD,100k,CAM_1V8_EN pull-down — camera I/O load switch default OFF.,Front Sensor Board,Fit,AI_Glasses_V2:R_0402,,,,AI_Glasses_V2:R_0402,TBD; use official package drawing before layout,TBD; see placement notes,TBD,TBD,TBD,TBD,TBD,TBD after thermal review,,Current V2 generated schematic/BOM master,generated 2026-07-01,scripts/chipdown_bom.py,v2_chipdown/scripts/chipdown_bom.py,high for current project intent; not a package drawing,Fit,present in current schematic,candidate; verify official drawing/land pattern/height before layout,HOLD/TBD; no verified aligned STEP in V2 KiCad,Default OFF (§4)
Front Sensor Board,R15,C046e,TBD,100k,CAM_2V9_EN pull-down — camera analog LDO default OFF.,Front Sensor Board,Fit,AI_Glasses_V2:R_0402,,,,AI_Glasses_V2:R_0402,TBD; use official package drawing before layout,TBD; see placement notes,TBD,TBD,TBD,TBD,TBD,TBD after thermal review,,Current V2 generated schematic/BOM master,generated 2026-07-01,scripts/chipdown_bom.py,v2_chipdown/scripts/chipdown_bom.py,high for current project intent; not a package drawing,Fit,present in current schematic,candidate; verify official drawing/land pattern/height before layout,HOLD/TBD; no verified aligned STEP in V2 KiCad,Default OFF (§4)
Front Sensor Board,R5,C045c,TBD,2.2k 1%,Camera I2C SCL pull-up to CAM_1V8_SW.,Front Sensor Board,Fit,AI_Glasses_V2:R_0402,,,,AI_Glasses_V2:R_0402,TBD; use official package drawing before layout,TBD; see placement notes,TBD,TBD,TBD,TBD,TBD,TBD after thermal review,,Current V2 generated schematic/BOM master,generated 2026-07-01,scripts/chipdown_bom.py,v2_chipdown/scripts/chipdown_bom.py,high for current project intent; not a package drawing,Fit,present in current schematic,candidate; verify official drawing/land pattern/height before layout,HOLD/TBD; no verified aligned STEP in V2 KiCad,Confirm vs camera bus capacitance
Front Sensor Board,R6,C045d,TBD,2.2k 1%,Camera I2C SDA pull-up to CAM_1V8_SW.,Front Sensor Board,Fit,AI_Glasses_V2:R_0402,,,,AI_Glasses_V2:R_0402,TBD; use official package drawing before layout,TBD; see placement notes,TBD,TBD,TBD,TBD,TBD,TBD after thermal review,,Current V2 generated schematic/BOM master,generated 2026-07-01,scripts/chipdown_bom.py,v2_chipdown/scripts/chipdown_bom.py,high for current project intent; not a package drawing,Fit,present in current schematic,candidate; verify official drawing/land pattern/height before layout,HOLD/TBD; no verified aligned STEP in V2 KiCad,Confirm vs camera bus capacitance
Front Sensor Board,RS7,C044-RC1,TBD,100 mohm 1%,Camera DVDD shunt — CAM_1V1 -> CAM_1V1_S (I_CAM_1V1).,Front Sensor Board,Fit,AI_Glasses_V2:R_0603_shunt,,,,AI_Glasses_V2:R_0603_shunt,TBD; use official package drawing before layout,TBD; see placement notes,TBD,TBD,TBD,TBD,TBD,TBD after thermal review,,Current V2 generated schematic/BOM master,generated 2026-07-01,scripts/chipdown_bom.py,v2_chipdown/scripts/chipdown_bom.py,high for current project intent; not a package drawing,Fit,present in current schematic,candidate; verify official drawing/land pattern/height before layout,HOLD/TBD; no verified aligned STEP in V2 KiCad,Per-rail Kelvin (§23/§29); DVDD ~250mA
Front Sensor Board,RS8,C044-RC8,TBD,100 mohm 1%,Camera IOVDD shunt — CAM_1V8_SW -> CAM_1V8_S (I_CAM_1V8).,Front Sensor Board,Fit,AI_Glasses_V2:R_0402_shunt,,,,AI_Glasses_V2:R_0402_shunt,TBD; use official package drawing before layout,TBD; see placement notes,TBD,TBD,TBD,TBD,TBD,TBD after thermal review,,Current V2 generated schematic/BOM master,generated 2026-07-01,scripts/chipdown_bom.py,v2_chipdown/scripts/chipdown_bom.py,high for current project intent; not a package drawing,Fit,present in current schematic,candidate; verify official drawing/land pattern/height before layout,HOLD/TBD; no verified aligned STEP in V2 KiCad,Per-rail Kelvin (§23/§29); IOVDD ~3mA
Front Sensor Board,RS9,C044-RC29,TBD,100 mohm 1%,Camera AVDD shunt — CAM_2V9 -> CAM_2V9_S (I_CAM_2V9).,Front Sensor Board,Fit,AI_Glasses_V2:R_0603_shunt,,,,AI_Glasses_V2:R_0603_shunt,TBD; use official package drawing before layout,TBD; see placement notes,TBD,TBD,TBD,TBD,TBD,TBD after thermal review,,Current V2 generated schematic/BOM master,generated 2026-07-01,scripts/chipdown_bom.py,v2_chipdown/scripts/chipdown_bom.py,high for current project intent; not a package drawing,Fit,present in current schematic,candidate; verify official drawing/land pattern/height before layout,HOLD/TBD; no verified aligned STEP in V2 KiCad,Per-rail Kelvin (§23/§29); AVDD ~156mA
camera module,U14,C019,Sony / module supplier TBD,IMX415-AAQR custom FPC module; Radxa Camera 4K AS001 is only a candidate mechanical baseline,"Main camera module — 8.46 MP, first target 1080p30/60, MIPI CSI. Custom small sensor+lens rigid island + FPC (NOT the dev module). Sensor rails (Sony datasheet): AVDD 2.9V 128/156mA, IOVDD 1.8V 3mA, DVDD 1.1V 187/250mA (~0.58W typ, ~0.77W max).",Front Sensor Board,HOLD,custom sensor+lens+FPC module,,,,AI_Glasses_V2:VERIFY_CAM_MODULE,TBD; use official package drawing before layout,TBD; see placement notes,TBD,TBD,"CAM_1V1, CAM_1V8_SW, CAM_2V9",250-300 mW camera row in current model,bare-sensor/module rail currents TBD,TBD after thermal review,"Current schematic says custom FPC module. The external V2.3 dimensions PDF freezes Radxa AS001 at 32.5 x 32.5 x 18.0 mm, but that is not yet schematic-aligned.",Sony IMX415-AAQR-C Datasheet E19504,"Official edition, 2019-05-21","pp. 1, 3, 97",AI_Glasses_HOLD_Closure_Pack/04_IMX415/IMX415-AAQR-C_Datasheet_E19504.pdf,high for bare sensor; low for final module mechanics,HOLD,present in current schematic,NOT_FOR_FAB placeholder; not release-ready,HOLD/TBD; no verified aligned STEP in V2 KiCad,G10 (module lens/FOV/FPC pinout/lane/supply/timing from vendor)
camera 1.1 V buck,U15,C020,Texas Instruments,TPS62840,"Camera DVDD 1.1 V buck — ultra-low-Iq (~60 nA) buck for the sensor core (DVDD 187/250mA), up to ~750 mA. EN by AON MCU / SoC. True power-down when camera off.",Front Sensor Board,Fit,WSON/VSON/DSBGA variant TBD,,,,AI_Glasses_V2:VERIFY_WSON,TBD; use official package drawing before layout,TBD; see placement notes,TBD,TBD,CAM_1V1,15-18 mW loss allocation when camera active,DVDD current plus margin,TBD after thermal review,Exact package and inductor/cap choices still need freeze.,AI Glasses Hardware Dimensions V2.3,2026-07-01,pp. 1-10,/Users/stanley/Downloads/AI_Glasses_Hardware_Dimensions_V2.3.pdf,medium; project extraction from BOM PDFs,PROVISIONAL,present in current schematic,NOT_FOR_FAB placeholder; not release-ready,HOLD/TBD; no verified aligned STEP in V2 KiCad,Output current/noise per final module (DVDD ~250mA max + margin)
camera 2.9 V LDO,U16,C021,Texas Instruments,TLV75529PDRVR,"Camera AVDD 2.9 V LDO — 500 mA low-noise analog supply (AVDD 128/156mA). Low-noise LDO, NOT a series resistor off 3.3V (pack §23).",Front Sensor Board,Fit,WSON-6 2 x 2 mm,2.0,2.0,,AI_Glasses_V2:WSON-6_2x2,TBD; use official package drawing before layout,TBD; see placement notes,TBD,TBD,CAM_2V9,14-16 mW loss allocation when camera active,IMX415 AVDD current plus thermal,TBD after thermal review,Verify package suffix and PSRR/noise versus final camera module.,AI Glasses Hardware Dimensions V2.3,2026-07-01,pp. 1-10,/Users/stanley/Downloads/AI_Glasses_Hardware_Dimensions_V2.3.pdf,medium; project extraction from BOM PDFs,PROVISIONAL,present in current schematic,candidate; verify official drawing/land pattern/height before layout,HOLD/TBD; no verified aligned STEP in V2 KiCad,Verify vs IMX415 AVDD peak (156mA) + PSRR
camera 1.8 V load switch,U17,C022,Texas Instruments,TPS22917DBVR,Camera IOVDD 1.8 V load switch / isolation — low-leak switch from AON_1V8 for camera I/O (IOVDD ~3mA); Quick-Output-Discharge kills reverse feed when camera off (§24).,Front Sensor Board,Fit,SOT-23-5,2.9,2.8,,Package_TO_SOT_SMD:SOT-23-5,TBD; use official package drawing before layout,TBD; see placement notes,TBD,TBD,AON_1V8 to CAM_1V8_SW,~1 mW loss allocation,"IOVDD current, reverse-block/QOD check",TBD after thermal review,Confirm QOD/reverse feed when camera off.,AI Glasses Hardware Dimensions V2.3,2026-07-01,pp. 1-10,/Users/stanley/Downloads/AI_Glasses_Hardware_Dimensions_V2.3.pdf,medium; project extraction from BOM PDFs,PROVISIONAL,present in current schematic,candidate; verify official drawing/land pattern/height before layout,HOLD/TBD; no verified aligned STEP in V2 KiCad,"Check reverse block, ramp, QOD, logic level"
MIPI/FPC ESD array 1,U18,C023a,Texas Instruments,TPD4E05U06,MIPI/FPC ESD (clk + D0) — ultra-low-cap 4-ch ESD at the FPC entry.,Front Sensor Board,Fit,USON low-cap array,2.5,1.0,,AI_Glasses_V2:USON,TBD; use official package drawing before layout,TBD; see placement notes,TBD,TBD,MIPI/low-cap ESD,leakage only,ESD clamp,TBD after thermal review,Must be close to FPC entry and not stub MIPI lines.,AI Glasses Hardware Dimensions V2.3,2026-07-01,pp. 1-10,/Users/stanley/Downloads/AI_Glasses_Hardware_Dimensions_V2.3.pdf,medium; project extraction from BOM PDFs,PROVISIONAL,present in current schematic,candidate; verify official drawing/land pattern/height before layout,HOLD/TBD; no verified aligned STEP in V2 KiCad,Low-cap array near FPC entry
MIPI/FPC ESD array 2,U19,C023b,Texas Instruments,TPD4E05U06,MIPI/FPC ESD (D1 + control) — ultra-low-cap ESD for the second lane pair.,Front Sensor Board,Fit,USON low-cap array,2.5,1.0,,AI_Glasses_V2:USON,TBD; use official package drawing before layout,TBD; see placement notes,TBD,TBD,MIPI/low-cap ESD,leakage only,ESD clamp,TBD after thermal review,Must be close to FPC entry and not stub MIPI lines.,AI Glasses Hardware Dimensions V2.3,2026-07-01,pp. 1-10,/Users/stanley/Downloads/AI_Glasses_Hardware_Dimensions_V2.3.pdf,medium; project extraction from BOM PDFs,PROVISIONAL,present in current schematic,candidate; verify official drawing/land pattern/height before layout,HOLD/TBD; no verified aligned STEP in V2 KiCad,Low-cap array near FPC entry
Front Sensor Board,U31,C044-IC1,TBD,INA238 (I_CAM_1V1),Camera DVDD monitor across RS7 — sensor core draw + off-leakage.,Front Sensor Board,DNP,AI_Glasses_V2:VSSOP-10,,,,AI_Glasses_V2:VSSOP-10,TBD; use official package drawing before layout,TBD; see placement notes,TBD,TBD,TBD,TBD,TBD,TBD after thermal review,,Current V2 generated schematic/BOM master,generated 2026-07-01,scripts/chipdown_bom.py,v2_chipdown/scripts/chipdown_bom.py,high for current project intent; not a package drawing,DNP,present in current schematic,DNP; do not treat as release BOM,HOLD/TBD; no verified aligned STEP in V2 KiCad,Power Gate — EVT-A only
Front Sensor Board,U32,C044-IC8,TBD,INA238 (I_CAM_1V8),Camera IOVDD monitor across RS8 — I/O draw + off-leakage.,Front Sensor Board,DNP,AI_Glasses_V2:VSSOP-10,,,,AI_Glasses_V2:VSSOP-10,TBD; use official package drawing before layout,TBD; see placement notes,TBD,TBD,TBD,TBD,TBD,TBD after thermal review,,Current V2 generated schematic/BOM master,generated 2026-07-01,scripts/chipdown_bom.py,v2_chipdown/scripts/chipdown_bom.py,high for current project intent; not a package drawing,DNP,present in current schematic,DNP; do not treat as release BOM,HOLD/TBD; no verified aligned STEP in V2 KiCad,Power Gate — EVT-A only
Front Sensor Board,U33,C044-IC29,TBD,INA238 (I_CAM_2V9),Camera AVDD monitor across RS9 — analog draw + off-leakage.,Front Sensor Board,DNP,AI_Glasses_V2:VSSOP-10,,,,AI_Glasses_V2:VSSOP-10,TBD; use official package drawing before layout,TBD; see placement notes,TBD,TBD,TBD,TBD,TBD,TBD after thermal review,,Current V2 generated schematic/BOM master,generated 2026-07-01,scripts/chipdown_bom.py,v2_chipdown/scripts/chipdown_bom.py,high for current project intent; not a package drawing,DNP,present in current schematic,DNP; do not treat as release BOM,HOLD/TBD; no verified aligned STEP in V2 KiCad,Power Gate — EVT-A only
L-Temple AON/Power Board,C2,C032-Cv,TBD,0.1uF,BQ2970 VDD-VSS decoupling (DNP with protection).,L-Temple AON/Power Board,DNP,AI_Glasses_V2:C_0402,,,,AI_Glasses_V2:C_0402,TBD; use official package drawing before layout,TBD; see placement notes,TBD,TBD,TBD,TBD,TBD,TBD after thermal review,,Current V2 generated schematic/BOM master,generated 2026-07-01,scripts/chipdown_bom.py,v2_chipdown/scripts/chipdown_bom.py,high for current project intent; not a package drawing,DNP,present in current schematic,DNP; do not treat as release BOM,HOLD/TBD; no verified aligned STEP in V2 KiCad,Per BQ2970 app
optional battery protection MOSFETs,Q1,C032-Q,TBD,dual back-to-back N-MOSFET TBD,Back-to-back protection NMOS — discharge + charge FETs between CELL_NEG and pack GND; gates driven by BQ2970 DO/CO. DNP with U23.,L-Temple AON/Power Board,DNP,DFN dual-FET TBD,,,,AI_Glasses_V2:VERIFY_DFN_2FET,TBD; use official package drawing before layout,TBD; see placement notes,TBD,TBD,cell negative protection path,DNP,"RDS(on), VDS and pulse current TBD",TBD after thermal review,Only used with BQ2970 fallback. Must not be populated together with incompatible pack PCM path.,Current V2 generated schematic/BOM master,generated 2026-07-01,scripts/chipdown_bom.py,v2_chipdown/scripts/chipdown_bom.py,high for current project intent; not a package drawing,DNP,present in current schematic,NOT_FOR_FAB placeholder; not release-ready,HOLD/TBD; no verified aligned STEP in V2 KiCad,Vds/RDSon/Vgs/peak per BQ2970 app (§17)
L-Temple AON/Power Board,R21,C032-BYP,TBD,0R (pack-PCM baseline),Cell-negative bypass — ties CELL_NEG to pack GND when the supplier 1S2P pack already integrates its PCM. DNP this and populate U23+Q1 only if doing board-level protection.,L-Temple AON/Power Board,Fit,AI_Glasses_V2:R_0805,,,,AI_Glasses_V2:R_0805,TBD; use official package drawing before layout,TBD; see placement notes,TBD,TBD,TBD,TBD,TBD,TBD after thermal review,,Current V2 generated schematic/BOM master,generated 2026-07-01,scripts/chipdown_bom.py,v2_chipdown/scripts/chipdown_bom.py,high for current project intent; not a package drawing,Fit,present in current schematic,candidate; verify official drawing/land pattern/height before layout,HOLD/TBD; no verified aligned STEP in V2 KiCad,"Populate 0R OR discrete protection, never both (§17)"
L-Temple AON/Power Board,R22,C032-Rv,TBD,330R,BQ2970 VDD series R — from BAT_P (DNP with protection).,L-Temple AON/Power Board,DNP,AI_Glasses_V2:R_0402,,,,AI_Glasses_V2:R_0402,TBD; use official package drawing before layout,TBD; see placement notes,TBD,TBD,TBD,TBD,TBD,TBD after thermal review,,Current V2 generated schematic/BOM master,generated 2026-07-01,scripts/chipdown_bom.py,v2_chipdown/scripts/chipdown_bom.py,high for current project intent; not a package drawing,DNP,present in current schematic,DNP; do not treat as release BOM,HOLD/TBD; no verified aligned STEP in V2 KiCad,Per BQ2970 app
L-Temple AON/Power Board,R23,C032-Rm,TBD,2k,BQ2970 V- sense R — to pack GND (DNP with protection).,L-Temple AON/Power Board,DNP,AI_Glasses_V2:R_0402,,,,AI_Glasses_V2:R_0402,TBD; use official package drawing before layout,TBD; see placement notes,TBD,TBD,TBD,TBD,TBD,TBD after thermal review,,Current V2 generated schematic/BOM master,generated 2026-07-01,scripts/chipdown_bom.py,v2_chipdown/scripts/chipdown_bom.py,high for current project intent; not a package drawing,DNP,present in current schematic,DNP; do not treat as release BOM,HOLD/TBD; no verified aligned STEP in V2 KiCad,Per BQ2970 app (V- sense)
L-Temple AON/Power Board,R3,C045a,TBD,2.2k 1%,AON I2C SCL pull-up to AON_1V8 (nPM1300/BMI270/INA238 bus).,L-Temple AON/Power Board,Fit,AI_Glasses_V2:R_0402,,,,AI_Glasses_V2:R_0402,TBD; use official package drawing before layout,TBD; see placement notes,TBD,TBD,TBD,TBD,TBD,TBD after thermal review,,Current V2 generated schematic/BOM master,generated 2026-07-01,scripts/chipdown_bom.py,v2_chipdown/scripts/chipdown_bom.py,high for current project intent; not a package drawing,Fit,present in current schematic,candidate; verify official drawing/land pattern/height before layout,HOLD/TBD; no verified aligned STEP in V2 KiCad,Confirm vs total AON bus capacitance
L-Temple AON/Power Board,R4,C045b,TBD,2.2k 1%,AON I2C SDA pull-up to AON_1V8.,L-Temple AON/Power Board,Fit,AI_Glasses_V2:R_0402,,,,AI_Glasses_V2:R_0402,TBD; use official package drawing before layout,TBD; see placement notes,TBD,TBD,TBD,TBD,TBD,TBD after thermal review,,Current V2 generated schematic/BOM master,generated 2026-07-01,scripts/chipdown_bom.py,v2_chipdown/scripts/chipdown_bom.py,high for current project intent; not a package drawing,Fit,present in current schematic,candidate; verify official drawing/land pattern/height before layout,HOLD/TBD; no verified aligned STEP in V2 KiCad,Confirm vs total AON bus capacitance
total pack current shunt,RS1,C044-RBAT,TBD,10 milliohm 1% 1 W shunt TBD,Pack total shunt — BAT_P -> nPM1300 VBAT. Whole-device current (charge + discharge).,L-Temple AON/Power Board,Fit,1206 shunt candidate,,,,AI_Glasses_V2:R_1206_shunt,TBD; use official package drawing before layout,TBD; see placement notes,TBD,TBD,BAT_P/NPM_VBAT Kelvin sense,I^2R loss,sized for pack current,TBD after thermal review,"Production-kept sense path; MPN, TCR, surge and pad geometry still need freeze.",Current V2 generated schematic/BOM master,generated 2026-07-01,scripts/chipdown_bom.py,v2_chipdown/scripts/chipdown_bom.py,high for current project intent; not a package drawing,PROVISIONAL,present in current schematic,candidate; verify official drawing/land pattern/height before layout,HOLD/TBD; no verified aligned STEP in V2 KiCad,I_BAT_TOTAL; the one production-kept sense path
IMU,U10,C012,Bosch Sensortec,BMI270,6-axis IMU — low-power motion detect; motion-interrupt wakes the MCU. Cycling/running state ID for wearables.,L-Temple AON/Power Board,Fit,LGA-14,2.5,3.0,0.8,Package_LGA:LGA-14_2.5x3mm_P0.5mm,TBD; use official package drawing before layout,TBD; see placement notes,TBD,TBD,AON_1V8/AON_3V3,1 mW low-power motion budget,TBD by IMU mode,TBD after thermal review,Current schematic uses BMI270. Placement must avoid speaker/motor vibration and high-stress zones.,AI Glasses Hardware Dimensions V2.3,2026-07-01,pp. 1-10,/Users/stanley/Downloads/AI_Glasses_Hardware_Dimensions_V2.3.pdf,medium; project extraction from BOM PDFs,PROVISIONAL,present in current schematic,candidate; verify official drawing/land pattern/height before layout,HOLD/TBD; no verified aligned STEP in V2 KiCad,Evaluate false-trigger under real frame vibration
L-Temple AON/Power Board,U22,C027,TBD,DRV2605L,"Haptic driver — LRA/ERM driver, I2C, waveform library. Silent safety reminder path.",L-Temple AON/Power Board,DNP,Package_SO:MSOP-10_3x3mm_P0.5mm,,,,Package_SO:MSOP-10_3x3mm_P0.5mm,TBD; use official package drawing before layout,TBD; see placement notes,TBD,TBD,TBD,TBD,TBD,TBD after thermal review,,Current V2 generated schematic/BOM master,generated 2026-07-01,scripts/chipdown_bom.py,v2_chipdown/scripts/chipdown_bom.py,high for current project intent; not a package drawing,DNP,present in current schematic,DNP; do not treat as release BOM,HOLD/TBD; no verified aligned STEP in V2 KiCad,Vibration P1 — may DNP on first board (IMU/mic coupling)
optional 1S battery protection IC,U23,C032,Texas Instruments,BQ2970/BQ297xx suffix TBD,"1S protection IC (fallback) — OV/UV/OC/short via two low-side back-to-back NMOS. DNP if the supplier pack integrates protection (avoid double-protection conflict, §17).",L-Temple AON/Power Board,DNP,DSE WSON-6,1.5,1.5,0.75,Package_TO_SOT_SMD:SOT-23-5,TBD; use official package drawing before layout,TBD; see placement notes,TBD,TBD,single-cell Li-ion protection,"4 uA normal, 100 nA shutdown class",external FET path handles current,TBD after thermal review,DNP if supplier pack has qualified PCM. Exact suffix thresholds must match cell and nPM1300 charger.,TI BQ297xx Datasheet SLUSBU9I,"March 2014, revised August 2024","pp. 1, 3, package outline",AI_Glasses_HOLD_Closure_Pack/03_Battery_LP451165_1S2P/TI_BQ2970_1S_Protection_Datasheet.pdf,high for IC; exact suffix still TBD,DNP,present in current schematic,DNP; do not treat as release BOM,HOLD/TBD; no verified aligned STEP in V2 KiCad,Keep ONE protection scheme; confirm suffix OVP/UVP/OCP vs nPM1300/boost UVLO (§17)
optional total-current monitor,U25,C044a,Texas Instruments,INA238,"Whole-device current across RS1 (BAT_P->VBAT). Deep Off total = AON only, so it also backs the AON 20-50 mW check; nPM1300 fuel gauge cross-checks.",L-Temple AON/Power Board,DNP,VSSOP-10,3.0,4.9,,AI_Glasses_V2:VSSOP-10,TBD; use official package drawing before layout,TBD; see placement notes,TBD,TBD,AON I2C / shunt monitor,640 uA class when populated,5 uA shutdown max class,TBD after thermal review,EVT-A only unless power telemetry stays in production.,AI Glasses Hardware Dimensions V2.3,2026-07-01,pp. 1-10,/Users/stanley/Downloads/AI_Glasses_Hardware_Dimensions_V2.3.pdf,medium; project extraction from BOM PDFs,DNP,present in current schematic,DNP; do not treat as release BOM,HOLD/TBD; no verified aligned STEP in V2 KiCad,Power Gate — EVT-A; production may keep this one
always-on BLE MCU,U7,C009,Nordic Semiconductor,nRF54L15 QFN48 candidate,"Low-power BLE MCU — ALWAYS ON. Owns the system state machine; controls RK3576/camera/Wi-Fi/audio power ENs; talks IMU/buttons/gauge; UART to RK3576, SPI to NDP120. Turns RK3576 from an always-on host into a demand accelerator.",L-Temple AON/Power Board,Fit,"QFN48, 0.4 mm pitch",6.0,6.0,0.85,AI_Glasses_V2:QFN-48_6x6,TBD; use official package drawing before layout,TBD; see placement notes,TBD,TBD,AON_1V8/AON_3V3,2-8 mW allocation depending state,radio peak TBD,TBD after thermal review,"EVT QFN chosen for bring-up. RF layout, SDK and official package drawing still must be checked before fab.",AI Glasses Hardware Dimensions V2.3,2026-07-01,pp. 1-10,/Users/stanley/Downloads/AI_Glasses_Hardware_Dimensions_V2.3.pdf,medium; project extraction from BOM PDFs,PROVISIONAL,present in current schematic,candidate; verify official drawing/land pattern/height before layout,HOLD/TBD; no verified aligned STEP in V2 KiCad,EVT-frozen (RF layout/SDK/package to freeze early)
AON PMIC/charger/fuel gauge,U8,C010,Nordic Semiconductor,nPM1300,AON PMIC — 1S charger + Power-Path + Fuel Gauge + dual Buck + LDO/Load-Switch + Ship/Hibernate. Powers the small AON world ONLY; NOT the RK3576 peak path.,L-Temple AON/Power Board,HOLD,QFN32 5 x 5 mm EVT candidate,5.0,5.0,,AI_Glasses_V2:QFN_5x5,TBD; use official package drawing before layout,TBD; see placement notes,TBD,TBD,BAT_P/USB_5V in; AON_1V8/AON_3V3 out,3-15 mW AON buck/quiescent allocation,charge/PMIC thermal TBD,TBD after thermal review,nPM PowerUP config and measured AON <=25/50 mW target must close G08.,AI Glasses Hardware Dimensions V2.3,2026-07-01,pp. 1-10,/Users/stanley/Downloads/AI_Glasses_Hardware_Dimensions_V2.3.pdf,medium; project extraction from BOM PDFs,HOLD,present in current schematic,candidate; verify official drawing/land pattern/height before layout,HOLD/TBD; no verified aligned STEP in V2 KiCad,G08 (AON <=25/50mW) — configure via nPM PowerUP on EK before board
always-on audio DSP,U9,C011,Syntiant,NDP120 QFN40 candidate,Always-on Audio DSP — ultra-low-power wake-word + audio front-end; wakes the MCU over GPIO. Moves voice listening off RK3576. Keep bypass + DNP capability.,L-Temple AON/Power Board,HOLD,"5 x 5 mm 40-pin QFN, 0.4 mm pitch; WLBGA also exists",5.0,5.0,,AI_Glasses_V2:VERIFY_QFN_5x5,TBD; use official package drawing before layout,TBD; see placement notes,TBD,TBD,"AON rails, reset/wake to nRF54L15",12-20 mW project listening allocation,TBD by dev kit measurement,TBD after thermal review,"Product brief confirms packages and capability; full datasheet, rail map, reset straps, SDK/licensing and measured listening current still needed.",Syntiant NDP120 Product Brief,"V1, 2023",pp. 1-2,AI_Glasses_HOLD_Closure_Pack/01_NDP120/NDP120_Product_Brief.pdf,"medium; product brief, not full datasheet/package drawing",HOLD,present in current schematic,NOT_FOR_FAB placeholder; not release-ready,HOLD/TBD; no verified aligned STEP in V2 KiCad,Full datasheet + dev kit + measured listening power + NDA/licensing
R-Temple Compute Board,C1,C015-C,TBD,47uF 6.3V X5R,FCU760K VBAT bulk storage — 47 uF local reservoir next to the module (pack: 47uF + 1uF + 100nF). Rides the 353 mA TX burst.,R-Temple Compute Board,Fit,AI_Glasses_V2:C_0805,,,,AI_Glasses_V2:C_0805,TBD; use official package drawing before layout,TBD; see placement notes,TBD,TBD,TBD,TBD,TBD,TBD after thermal review,,Current V2 generated schematic/BOM master,generated 2026-07-01,scripts/chipdown_bom.py,v2_chipdown/scripts/chipdown_bom.py,high for current project intent; not a package drawing,Fit,present in current schematic,candidate; verify official drawing/land pattern/height before layout,HOLD/TBD; no verified aligned STEP in V2 KiCad,Local bulk per Quectel HW Design
main boost inductor,L1,C008,TBD,shielded low-DCR power inductor TBD,"Boost inductor for TPS61088 — low-DCR shielded, value per TPS61088 design. Do not freeze before transient sim/measurement.",R-Temple Compute Board,TBD,target <=5 x 5 x 2 mm,5.0,5.0,2.0,AI_Glasses_V2:VERIFY_L_5x5,TBD; use official package drawing before layout,TBD; see placement notes,TBD,TBD,SOC_5V boost switch node,loss TBD by DCR/RMS current,Isat must cover boot/AI peak,TBD after thermal review,Target envelope only. Final MPN may grow after Isat/DCR/temperature validation.,AI Glasses Hardware Dimensions V2.3,2026-07-01,pp. 1-10,/Users/stanley/Downloads/AI_Glasses_Hardware_Dimensions_V2.3.pdf,medium; project extraction from BOM PDFs,TBD,present in current schematic,NOT_FOR_FAB placeholder; not release-ready,HOLD/TBD; no verified aligned STEP in V2 KiCad,G06/G13 (Isat covers boot+AI peak; height <=2mm; thermal)
Wi-Fi buck inductor,L2,C016c,TBD,470 nH class inductor TBD,"Wi-Fi buck inductor — SW->3V3, value per TPS62825 design.",R-Temple Compute Board,Fit,target 2 x 2 mm class,2.0,2.0,,AI_Glasses_V2:VERIFY_L_2x2,TBD; use official package drawing before layout,TBD; see placement notes,TBD,TBD,WIFI_3V3 buck,loss TBD,sized for FCU760K Tx current,TBD after thermal review,"MPN, DCR, Isat and height required.",AI Glasses Hardware Dimensions V2.3,2026-07-01,pp. 1-10,/Users/stanley/Downloads/AI_Glasses_Hardware_Dimensions_V2.3.pdf,medium; project extraction from BOM PDFs,TBD,present in current schematic,NOT_FOR_FAB placeholder; not release-ready,HOLD/TBD; no verified aligned STEP in V2 KiCad,Per TPS62825 peak+ripple
R-Temple Compute Board,R10,C045f,TBD,2.2k 1%,SoC-PMIC I2C SDA pull-up to VCCIO_1V8.,R-Temple Compute Board,Fit,AI_Glasses_V2:R_0402,,,,AI_Glasses_V2:R_0402,TBD; use official package drawing before layout,TBD; see placement notes,TBD,TBD,TBD,TBD,TBD,TBD after thermal review,,Current V2 generated schematic/BOM master,generated 2026-07-01,scripts/chipdown_bom.py,v2_chipdown/scripts/chipdown_bom.py,high for current project intent; not a package drawing,Fit,present in current schematic,candidate; verify official drawing/land pattern/height before layout,HOLD/TBD; no verified aligned STEP in V2 KiCad,Confirm vs SoC PMIC bus
R-Temple Compute Board,R11,C046a,TBD,100k,SOC_PWR_EN pull-down — RK3576 boost default OFF (main SoC off at boot).,R-Temple Compute Board,Fit,AI_Glasses_V2:R_0402,,,,AI_Glasses_V2:R_0402,TBD; use official package drawing before layout,TBD; see placement notes,TBD,TBD,TBD,TBD,TBD,TBD after thermal review,,Current V2 generated schematic/BOM master,generated 2026-07-01,scripts/chipdown_bom.py,v2_chipdown/scripts/chipdown_bom.py,high for current project intent; not a package drawing,Fit,present in current schematic,candidate; verify official drawing/land pattern/height before layout,HOLD/TBD; no verified aligned STEP in V2 KiCad,Default OFF (§4)
R-Temple Compute Board,R12,C046b,TBD,100k,PMIC_PWRON pull-down — RK806 stays off until AON MCU sequences it.,R-Temple Compute Board,Fit,AI_Glasses_V2:R_0402,,,,AI_Glasses_V2:R_0402,TBD; use official package drawing before layout,TBD; see placement notes,TBD,TBD,TBD,TBD,TBD,TBD after thermal review,,Current V2 generated schematic/BOM master,generated 2026-07-01,scripts/chipdown_bom.py,v2_chipdown/scripts/chipdown_bom.py,high for current project intent; not a package drawing,Fit,present in current schematic,candidate; verify official drawing/land pattern/height before layout,HOLD/TBD; no verified aligned STEP in V2 KiCad,Default OFF (§4)
R-Temple Compute Board,R16,C046f,TBD,100k,WIFI_BUCK_EN pull-down — Wi-Fi buck default OFF.,R-Temple Compute Board,Fit,AI_Glasses_V2:R_0402,,,,AI_Glasses_V2:R_0402,TBD; use official package drawing before layout,TBD; see placement notes,TBD,TBD,TBD,TBD,TBD,TBD after thermal review,,Current V2 generated schematic/BOM master,generated 2026-07-01,scripts/chipdown_bom.py,v2_chipdown/scripts/chipdown_bom.py,high for current project intent; not a package drawing,Fit,present in current schematic,candidate; verify official drawing/land pattern/height before layout,HOLD/TBD; no verified aligned STEP in V2 KiCad,Default OFF (§4)
R-Temple Compute Board,R17,C046g,TBD,100k,WIFI_LS_EN pull-down — Wi-Fi load switch default OFF.,R-Temple Compute Board,Fit,AI_Glasses_V2:R_0402,,,,AI_Glasses_V2:R_0402,TBD; use official package drawing before layout,TBD; see placement notes,TBD,TBD,TBD,TBD,TBD,TBD after thermal review,,Current V2 generated schematic/BOM master,generated 2026-07-01,scripts/chipdown_bom.py,v2_chipdown/scripts/chipdown_bom.py,high for current project intent; not a package drawing,Fit,present in current schematic,candidate; verify official drawing/land pattern/height before layout,HOLD/TBD; no verified aligned STEP in V2 KiCad,Default OFF (§4)
R-Temple Compute Board,R18,C046h,TBD,100k,WIFI_CHIP_EN pull-down — FCU760K held off until AON MCU enables it (pack §9).,R-Temple Compute Board,Fit,AI_Glasses_V2:R_0402,,,,AI_Glasses_V2:R_0402,TBD; use official package drawing before layout,TBD; see placement notes,TBD,TBD,TBD,TBD,TBD,TBD after thermal review,,Current V2 generated schematic/BOM master,generated 2026-07-01,scripts/chipdown_bom.py,v2_chipdown/scripts/chipdown_bom.py,high for current project intent; not a package drawing,Fit,present in current schematic,candidate; verify official drawing/land pattern/height before layout,HOLD/TBD; no verified aligned STEP in V2 KiCad,Default OFF (§4/§9: FCU760K CHIP_EN default low)
R-Temple Compute Board,R19,C046i,TBD,100k,AUDIO_LS_EN pull-down — audio amp load switch default OFF.,R-Temple Compute Board,Fit,AI_Glasses_V2:R_0402,,,,AI_Glasses_V2:R_0402,TBD; use official package drawing before layout,TBD; see placement notes,TBD,TBD,TBD,TBD,TBD,TBD after thermal review,,Current V2 generated schematic/BOM master,generated 2026-07-01,scripts/chipdown_bom.py,v2_chipdown/scripts/chipdown_bom.py,high for current project intent; not a package drawing,Fit,present in current schematic,candidate; verify official drawing/land pattern/height before layout,HOLD/TBD; no verified aligned STEP in V2 KiCad,Default OFF (§4)
R-Temple Compute Board,R20,C046j,TBD,100k,AUDIO_AMP_SD pull-down — MAX98360A shutdown default (amp muted at boot).,R-Temple Compute Board,Fit,AI_Glasses_V2:R_0402,,,,AI_Glasses_V2:R_0402,TBD; use official package drawing before layout,TBD; see placement notes,TBD,TBD,TBD,TBD,TBD,TBD after thermal review,,Current V2 generated schematic/BOM master,generated 2026-07-01,scripts/chipdown_bom.py,v2_chipdown/scripts/chipdown_bom.py,high for current project intent; not a package drawing,Fit,present in current schematic,candidate; verify official drawing/land pattern/height before layout,HOLD/TBD; no verified aligned STEP in V2 KiCad,Default OFF (§4)
R-Temple Compute Board,R9,C045e,TBD,2.2k 1%,SoC-PMIC I2C SCL pull-up to VCCIO_1V8 (RK3576<->RK806).,R-Temple Compute Board,Fit,AI_Glasses_V2:R_0402,,,,AI_Glasses_V2:R_0402,TBD; use official package drawing before layout,TBD; see placement notes,TBD,TBD,TBD,TBD,TBD,TBD after thermal review,,Current V2 generated schematic/BOM master,generated 2026-07-01,scripts/chipdown_bom.py,v2_chipdown/scripts/chipdown_bom.py,high for current project intent; not a package drawing,Fit,present in current schematic,candidate; verify official drawing/land pattern/height before layout,HOLD/TBD; no verified aligned STEP in V2 KiCad,Confirm vs SoC PMIC bus
R-Temple Compute Board,RS4,C044-RSOC,TBD,10 mohm 1%,RK3576 island shunt — VSYS -> SOC_IN (I_SOC_5V).,R-Temple Compute Board,Fit,AI_Glasses_V2:R_0805_shunt,,,,AI_Glasses_V2:R_0805_shunt,TBD; use official package drawing before layout,TBD; see placement notes,TBD,TBD,TBD,TBD,TBD,TBD after thermal review,,Current V2 generated schematic/BOM master,generated 2026-07-01,scripts/chipdown_bom.py,v2_chipdown/scripts/chipdown_bom.py,high for current project intent; not a package drawing,Fit,present in current schematic,candidate; verify official drawing/land pattern/height before layout,HOLD/TBD; no verified aligned STEP in V2 KiCad,5-20 mohm (2A x 10m=20mV; avoid boost UVLO)
R-Temple Compute Board,RS5,C044-RWIFI,TBD,50 mohm 1%,Wi-Fi island shunt — VSYS -> WIFI_IN (I_WIFI).,R-Temple Compute Board,Fit,AI_Glasses_V2:R_0603_shunt,,,,AI_Glasses_V2:R_0603_shunt,TBD; use official package drawing before layout,TBD; see placement notes,TBD,TBD,TBD,TBD,TBD,TBD after thermal review,,Current V2 generated schematic/BOM master,generated 2026-07-01,scripts/chipdown_bom.py,v2_chipdown/scripts/chipdown_bom.py,high for current project intent; not a package drawing,Fit,present in current schematic,candidate; verify official drawing/land pattern/height before layout,HOLD/TBD; no verified aligned STEP in V2 KiCad,20-100 mohm
R-Temple Compute Board,RS6,C044-RAUD,TBD,50 mohm 1%,Audio island shunt — VSYS -> AUDIO_IN (I_AUDIO).,R-Temple Compute Board,Fit,AI_Glasses_V2:R_0603_shunt,,,,AI_Glasses_V2:R_0603_shunt,TBD; use official package drawing before layout,TBD; see placement notes,TBD,TBD,TBD,TBD,TBD,TBD after thermal review,,Current V2 generated schematic/BOM master,generated 2026-07-01,scripts/chipdown_bom.py,v2_chipdown/scripts/chipdown_bom.py,high for current project intent; not a package drawing,Fit,present in current schematic,candidate; verify official drawing/land pattern/height before layout,HOLD/TBD; no verified aligned STEP in V2 KiCad,20-100 mohm
R-Temple Compute Board,RT3,C043,TBD,10k NTC B=3435,SoC/enclosure temp monitor — 10k NTC on SoC heat-spreader + skin side. Wearable must watch both die and skin temp.,R-Temple Compute Board,Fit,AI_Glasses_V2:R_0402,,,,AI_Glasses_V2:R_0402,TBD; use official package drawing before layout,TBD; see placement notes,TBD,TBD,TBD,TBD,TBD,TBD after thermal review,,Current V2 generated schematic/BOM master,generated 2026-07-01,scripts/chipdown_bom.py,v2_chipdown/scripts/chipdown_bom.py,high for current project intent; not a package drawing,Fit,present in current schematic,candidate; verify official drawing/land pattern/height before layout,HOLD/TBD; no verified aligned STEP in V2 KiCad,Probe position per thermal sim
main compute SoC,U1,C001,Rockchip,RK3576,"Main SoC — 8-core, 6 TOPS NPU, ISP, MIPI CSI, H.264/265. Demand-started compute island (NOT always-on). Functional block: interface pins only.",R-Temple Compute Board,Fit,"FCCSP698L, 0.6 mm pitch",16.1,17.2,,AI_Glasses_V2:VERIFY_FCCSP698L_16x17,TBD; use official package drawing before layout,TBD; see placement notes,TBD,TBD,RK806S rails from SOC_5V,included in compute model,part of AI-burst compute row,TBD after thermal review,"Body outline known from project BOM/PDF; full datasheet, HDG, ball map, max height, DDR guide and official land pattern still required.",RK3576 Brief Datasheet file,"V1.2, 2024-03-11; PDF metadata title mismatch noted",pp. 1-3,AI_Glasses_HOLD_Closure_Pack/05_Project_References/RK3576 Brief Datasheet V1.2-20240311.pdf,medium; package/HDG/ball map still required,HOLD,present in current schematic,NOT_FOR_FAB placeholder; not release-ready,HOLD/TBD; no verified aligned STEP in V2 KiCad,G01 (RK3576 datasheet/HDG/ballmap/DDR guide)
Wi-Fi/Bluetooth module,U11,C015,Quectel,FCU760KAAMD,"Wi-Fi 6 + BT 5.4 module — Quectel FCU760K, LCC 13.0x12.2x2.0mm. USB2 to RK3576 host; PCM for BT audio; VBAT 3.0-3.6V (typ 3.3V), max TX 353 mA. On-demand, load-switched off.",R-Temple Compute Board,HOLD,LCC module,13.0,12.2,2.0,AI_Glasses_V2:VERIFY_LCC_13x12.2_Quectel,TBD; use official package drawing before layout,TBD; see placement notes,TBD,0.62,"VBAT 3.0-3.6 V, typ 3.3 V",radio average: 80-150 mW in current model,353 mA @ 3.3 V max Tx current in short spec,TBD after thermal review,"Module outline is known. Official hardware design guide, land pattern/3D and RK3576 driver enumeration still close G05.",Quectel FCU760K Short Specification,"V1.1, Released, 2024",pp. 1-3,AI_Glasses_HOLD_Closure_Pack/02_WiFi_FCU760K/Quectel_FCU760K_Short_Spec_V1.1.pdf,high for module outline and basic electrical data; land pattern still missing,HOLD,present in current schematic,NOT_FOR_FAB placeholder; not release-ready,HOLD/TBD; no verified aligned STEP in V2 KiCad,G05 (Quectel HW Design + RK3576 BSP driver/firmware/enum) + official LCC land pattern
Wi-Fi buck regulator,U12,C016,Texas Instruments,TPS62825,Wi-Fi dedicated 3.3 V buck — feeds FCU760K VBAT; >=500 mA capability for the 353 mA TX peak (pack note). EN by AON MCU. Avoids routing the radio through 5 V (Phase-3 rule).,R-Temple Compute Board,Fit,QFN 1.5 x 1.5 mm,1.5,1.5,,AI_Glasses_V2:QFN_1.5x1.5,TBD; use official package drawing before layout,TBD; see placement notes,TBD,TBD,VSYS to WIFI_3V3,~5 mW loss allocation,sized for FCU760K Tx current,TBD after thermal review,Needs final inductor/cap derating and land-pattern check.,AI Glasses Hardware Dimensions V2.3,2026-07-01,pp. 1-10,/Users/stanley/Downloads/AI_Glasses_Hardware_Dimensions_V2.3.pdf,medium; project extraction from BOM PDFs,PROVISIONAL,present in current schematic,candidate; verify official drawing/land pattern/height before layout,HOLD/TBD; no verified aligned STEP in V2 KiCad,G05/G06 (inductor/caps per module 353mA TX peak + ripple)
R-Temple Compute Board,U13,C016b,TBD,TPS22917DBVR,Wi-Fi load switch — gates WIFI_3V3 -> FCU760K VBAT with QOD + reverse block. EN by AON MCU.,R-Temple Compute Board,Fit,Package_TO_SOT_SMD:SOT-23-5,,,,Package_TO_SOT_SMD:SOT-23-5,TBD; use official package drawing before layout,TBD; see placement notes,TBD,TBD,TBD,TBD,TBD,TBD after thermal review,,Current V2 generated schematic/BOM master,generated 2026-07-01,scripts/chipdown_bom.py,v2_chipdown/scripts/chipdown_bom.py,high for current project intent; not a package drawing,Fit,present in current schematic,candidate; verify official drawing/land pattern/height before layout,HOLD/TBD; no verified aligned STEP in V2 KiCad,G05 (turn-on sequence w/ module)
SoC PMIC,U2,C002,Rockchip,RK806S-5,SoC PMIC — generates CPU/GPU/NPU/DDR/IO rails + power sequencing for RK3576. Reuse verified RK3576 power architecture; NOT for AON.,R-Temple Compute Board,HOLD,TBD QFN/BGA variant,,,,AI_Glasses_V2:VERIFY_QFN,TBD; use official package drawing before layout,TBD; see placement notes,TBD,TBD,SOC_5V input; generates RK3576/DDR rails,regulation loss included in compute model,TBD after rail-current budget,TBD after thermal review,"Exact package, height, land pattern and rail sequence are not frozen.",AI Glasses Hardware Dimensions V2.3,2026-07-01,pp. 1-10,/Users/stanley/Downloads/AI_Glasses_Hardware_Dimensions_V2.3.pdf,medium; project extraction from BOM PDFs,HOLD,present in current schematic,NOT_FOR_FAB placeholder; not release-ready,HOLD/TBD; no verified aligned STEP in V2 KiCad,G03 (RK806S MPN/inductors/caps/timing per Radxa/Rockchip FAE)
digital class-D speaker amplifier,U20,C024,Analog Devices,MAX98360A,"Digital Class-D amp — I2S in, mono, low-power shutdown. Direct digital audio chain, no analog codec. Fully power-downable via load switch.",R-Temple Compute Board,Fit,WLP or FC2QFN version TBD,,,,AI_Glasses_V2:VERIFY_WLP_QFN,TBD; use official package drawing before layout,TBD; see placement notes,TBD,TBD,AUDIO_PWR / I2S control,audio average 2-3 mW electronics plus speaker output,depends on speaker impedance and acoustic target,TBD after thermal review,Exact package and EMI/thermal/acoustic layout still need closure.,AI Glasses Hardware Dimensions V2.3,2026-07-01,pp. 1-10,/Users/stanley/Downloads/AI_Glasses_Hardware_Dimensions_V2.3.pdf,medium; project extraction from BOM PDFs,PROVISIONAL,present in current schematic,NOT_FOR_FAB placeholder; not release-ready,HOLD/TBD; no verified aligned STEP in V2 KiCad,Verify Z/cavity/EMI/peak power
R-Temple Compute Board,U21,C024b,TBD,TPS22917DBVR,Audio load switch — gates AUDIO_PWR to the amp; EN by AON MCU / SoC.,R-Temple Compute Board,Fit,Package_TO_SOT_SMD:SOT-23-5,,,,Package_TO_SOT_SMD:SOT-23-5,TBD; use official package drawing before layout,TBD; see placement notes,TBD,TBD,TBD,TBD,TBD,TBD after thermal review,,Current V2 generated schematic/BOM master,generated 2026-07-01,scripts/chipdown_bom.py,v2_chipdown/scripts/chipdown_bom.py,high for current project intent; not a package drawing,Fit,present in current schematic,candidate; verify official drawing/land pattern/height before layout,HOLD/TBD; no verified aligned STEP in V2 KiCad,Amp must be fully power-downable (V1 lesson)
R-Temple Compute Board,U28,C044c,TBD,INA238 (I_SOC_5V),RK3576 island monitor across RS4 — record/AI curves + wake energy.,R-Temple Compute Board,DNP,AI_Glasses_V2:VSSOP-10,,,,AI_Glasses_V2:VSSOP-10,TBD; use official package drawing before layout,TBD; see placement notes,TBD,TBD,TBD,TBD,TBD,TBD after thermal review,,Current V2 generated schematic/BOM master,generated 2026-07-01,scripts/chipdown_bom.py,v2_chipdown/scripts/chipdown_bom.py,high for current project intent; not a package drawing,DNP,present in current schematic,DNP; do not treat as release BOM,HOLD/TBD; no verified aligned STEP in V2 KiCad,Power Gate — EVT-A only
R-Temple Compute Board,U29,C044e,TBD,INA238 (I_WIFI),Wi-Fi island monitor across RS5 — FCU760K TX avg vs 353mA peak.,R-Temple Compute Board,DNP,AI_Glasses_V2:VSSOP-10,,,,AI_Glasses_V2:VSSOP-10,TBD; use official package drawing before layout,TBD; see placement notes,TBD,TBD,TBD,TBD,TBD,TBD after thermal review,,Current V2 generated schematic/BOM master,generated 2026-07-01,scripts/chipdown_bom.py,v2_chipdown/scripts/chipdown_bom.py,high for current project intent; not a package drawing,DNP,present in current schematic,DNP; do not treat as release BOM,HOLD/TBD; no verified aligned STEP in V2 KiCad,Power Gate — EVT-A only
system memory,U3,C003,TBD,LPDDR4X 4 GB MPN TBD,"System memory — 4 GB LPDDR4X x32, placed adjacent to RK3576. Reuse a Rockchip/Radxa-verified MPN to lower first chip-down risk vs LPDDR5.",R-Temple Compute Board,HOLD,TBD BGA,,,,AI_Glasses_V2:VERIFY_BGA,TBD; use official package drawing before layout,TBD; see placement notes,TBD,TBD,RK806 DDR rails,included in compute model,TBD by selected MPN,TBD after thermal review,"Needs exact AVL MPN, package drawing, ball map and DDR length/escape review.",AI Glasses Hardware Dimensions V2.3,2026-07-01,pp. 1-10,/Users/stanley/Downloads/AI_Glasses_Hardware_Dimensions_V2.3.pdf,medium; project extraction from BOM PDFs,HOLD,present in current schematic,NOT_FOR_FAB placeholder; not release-ready,HOLD/TBD; no verified aligned STEP in V2 KiCad,"G02 (LPDDR4X MPN/topology/placement, DDR review + length report)"
R-Temple Compute Board,U30,C044f,TBD,INA238 (I_AUDIO),Audio island monitor across RS6 — speech avg vs music peak.,R-Temple Compute Board,DNP,AI_Glasses_V2:VSSOP-10,,,,AI_Glasses_V2:VSSOP-10,TBD; use official package drawing before layout,TBD; see placement notes,TBD,TBD,TBD,TBD,TBD,TBD after thermal review,,Current V2 generated schematic/BOM master,generated 2026-07-01,scripts/chipdown_bom.py,v2_chipdown/scripts/chipdown_bom.py,high for current project intent; not a package drawing,DNP,present in current schematic,DNP; do not treat as release BOM,HOLD/TBD; no verified aligned STEP in V2 KiCad,Power Gate — EVT-A only
boot/system storage,U4,C004,TBD,32 GB eMMC 5.1 MPN TBD,"System storage — 32 GB eMMC 5.1 (HS200/HS400 per BSP). Small + reliable; no microSD. Holds OS, models, event clips.",R-Temple Compute Board,HOLD,BGA153 candidate,,,,AI_Glasses_V2:VERIFY_BGA153,TBD; use official package drawing before layout,TBD; see placement notes,TBD,TBD,VCC/VCCQ from RK806 rails,included in compute model,TBD by selected MPN,TBD after thermal review,Common eMMC sizes are not freeze data; final MPN and package drawing required.,AI Glasses Hardware Dimensions V2.3,2026-07-01,pp. 1-10,/Users/stanley/Downloads/AI_Glasses_Hardware_Dimensions_V2.3.pdf,medium; project extraction from BOM PDFs,HOLD,present in current schematic,NOT_FOR_FAB placeholder; not release-ready,HOLD/TBD; no verified aligned STEP in V2 KiCad,G04 (eMMC MPN + BSP/bootloader; cold-boot + power-loss recovery)
optional boot flash,U5,C006,Macronix,MX25U6432F,Backup boot flash — 64 Mbit 1.8 V serial NOR on FSPI. Reserved for recovery / factory test / alt-boot; not populated on first EVT.,R-Temple Compute Board,DNP,USON/XSON/SOP option,,,,AI_Glasses_V2:USON-8,TBD; use official package drawing before layout,TBD; see placement notes,TBD,TBD,1.8 V SPI/QSPI,DNP,DNP,TBD after thermal review,Footprint kept only if boot flow needs external NOR.,AI Glasses Hardware Dimensions V2.3,2026-07-01,pp. 1-10,/Users/stanley/Downloads/AI_Glasses_Hardware_Dimensions_V2.3.pdf,medium; project extraction from BOM PDFs,DNP,present in current schematic,DNP; do not treat as release BOM,HOLD/TBD; no verified aligned STEP in V2 KiCad,Boot flow decides whether production needs it
main SoC boost,U6,C007,Texas Instruments,TPS61088,"Main SoC 5 V boost — 1S -> SOC_5V for the compute island. High-current sync boost; EN from nRF54L15, PG back to nRF. Candidate/HOLD until peak measured.",R-Temple Compute Board,HOLD,VQFN-22 4.5 x 3.5 mm,4.5,3.5,,AI_Glasses_V2:VQFN-22_4.5x3.5,TBD; use official package drawing before layout,TBD; see placement notes,TBD,TBD,"VSYS in, SOC_5V out",conversion loss in compute-island loss row,TBD from RK3576 boot/AI current,TBD after thermal review,"Chip size alone is insufficient; L1, input/output caps, current loop and thermal rise are the real footprint.",AI Glasses Hardware Dimensions V2.3,2026-07-01,pp. 1-10,/Users/stanley/Downloads/AI_Glasses_Hardware_Dimensions_V2.3.pdf,medium; project extraction from BOM PDFs,HOLD,present in current schematic,candidate; verify official drawing/land pattern/height before layout,HOLD/TBD; no verified aligned STEP in V2 KiCad,"G06/G09 (measured RK3576 boot+AI peak, soft-start, droop, thermal)"
main clock,Y1,C005,TBD,24 MHz 10 ppm crystal TBD,"Main clock — 24 MHz, 10 ppm; load per Rockchip reference layout.",R-Temple Compute Board,Fit,3225 or smaller,3.2,2.5,,AI_Glasses_V2:Crystal_SMD_3225,TBD; use official package drawing before layout,TBD; see placement notes,TBD,TBD,oscillator pins on RK3576,passive,passive,TBD after thermal review,Reference load capacitance/ESR/placement must follow RK3576 HDG.,AI Glasses Hardware Dimensions V2.3,2026-07-01,pp. 1-10,/Users/stanley/Downloads/AI_Glasses_Hardware_Dimensions_V2.3.pdf,medium; project extraction from BOM PDFs,PROVISIONAL,present in current schematic,candidate; verify official drawing/land pattern/height before layout,HOLD/TBD; no verified aligned STEP in V2 KiCad,G01 (reuse reference CL/ESR + placement distance per HDG)
right battery cell,BT1,C029,cell supplier TBD,LP451165 300 mAh,"Right cell — 3.7 V 300 mAh, 4.5x11x65 mm, high-rate custom. Right-temple weight.",Temple Rears (batt/spkr/ant),HOLD,pouch cell with tabs/NTC/pack options,70.0,12.8,5.6,AI_Glasses_V2:VERIFY_CELL_4.5x11x65,TBD; use official package drawing before layout,TBD; see placement notes,TBD,6.0,1S Li-Po nominal 3.7 V,source,branch current TBD by 1S2P validation,TBD after thermal review,"Use 70 x 12.8 x 5.6 mm CAD clearance envelope, not nominal 65 x 11 x 4.5 mm. Supplier drawing still required.",LP451165 Battery Bay Fit Check,"project fit-check, 2026-07-01",dimensions.csv + fit-check md,AI_Glasses_HOLD_Closure_Pack/06_Mechanical_Fit_Check/,"medium; CAD clearance envelope, not supplier pack drawing",HOLD,present in current schematic,NOT_FOR_FAB placeholder; not release-ready,HOLD/TBD; no verified aligned STEP in V2 KiCad,"G07 (full datasheet, >=2C, IR, cycles, cert)"
left battery cell,BT2,C030,cell supplier TBD,LP451165 300 mAh,"Left cell — same batch/capacity/IR-matched to the right cell. Left-temple weight. 1S2P parallel only after supplier pairing (OCV<=20mV, cap<=3%, DCIR<=10%, same lot, §20).",Temple Rears (batt/spkr/ant),HOLD,pouch cell with tabs/NTC/pack options,70.0,12.8,5.6,AI_Glasses_V2:VERIFY_CELL_70x12.8x5.6_maxenv,TBD; use official package drawing before layout,TBD; see placement notes,TBD,6.0,1S Li-Po nominal 3.7 V,source,branch current TBD by 1S2P validation,TBD after thermal review,"Must be lot/capacity/DCIR matched to BT1; one cell per temple, 1S2P.",LP451165 Battery Bay Fit Check,"project fit-check, 2026-07-01",dimensions.csv + fit-check md,AI_Glasses_HOLD_Closure_Pack/06_Mechanical_Fit_Check/,"medium; CAD clearance envelope, not supplier pack drawing",HOLD,present in current schematic,NOT_FOR_FAB placeholder; not release-ready,HOLD/TBD; no verified aligned STEP in V2 KiCad,G07
Temple Rears (batt/spkr/ant),F1,C031a,TBD,PTC/fuse (R branch),Right branch protection — resettable PTC / fusible link in the right cell branch. Limits a single-cell / FPC short (§7).,Temple Rears (batt/spkr/ant),TBD,AI_Glasses_V2:VERIFY_FUSE,,,,AI_Glasses_V2:VERIFY_FUSE,TBD; use official package drawing before layout,TBD; see placement notes,TBD,TBD,TBD,TBD,TBD,TBD after thermal review,,Current V2 generated schematic/BOM master,generated 2026-07-01,scripts/chipdown_bom.py,v2_chipdown/scripts/chipdown_bom.py,high for current project intent; not a package drawing,TBD,present in current schematic,NOT_FOR_FAB placeholder; not release-ready,HOLD/TBD; no verified aligned STEP in V2 KiCad,"Rating from peak-current calc (> branch peak, < FPC rating)"
Temple Rears (batt/spkr/ant),F2,C031b,TBD,PTC/fuse (L branch),Left branch protection — resettable PTC / fusible link in the left cell branch.,Temple Rears (batt/spkr/ant),TBD,AI_Glasses_V2:VERIFY_FUSE,,,,AI_Glasses_V2:VERIFY_FUSE,TBD; use official package drawing before layout,TBD; see placement notes,TBD,TBD,TBD,TBD,TBD,TBD after thermal review,,Current V2 generated schematic/BOM master,generated 2026-07-01,scripts/chipdown_bom.py,v2_chipdown/scripts/chipdown_bom.py,high for current project intent; not a package drawing,TBD,present in current schematic,NOT_FOR_FAB placeholder; not release-ready,HOLD/TBD; no verified aligned STEP in V2 KiCad,Rating from peak-current calc
magnetic pogo charge/service,J1,C034,TBD,magnetic pogo 4-6 pin TBD,"Charge/data interface — magnetic pogo (5 V charge, optional USB2). Thinner + more waterproof than a temple USB-C.",Temple Rears (batt/spkr/ant),TBD,target about 10 x 3 mm,10.0,3.0,,AI_Glasses_V2:VERIFY_POGO,TBD; use official package drawing before layout,TBD; see placement notes,TBD,TBD,"USB_5V, GND, optional USB2/ID",passive; contact I2R loss,charge/fault current rating TBD,TBD after thermal review,"Needs pin count, contact resistance, magnet polarity, corrosion, short and mating-life data.",AI Glasses Hardware Dimensions V2.3,2026-07-01,pp. 1-10,/Users/stanley/Downloads/AI_Glasses_Hardware_Dimensions_V2.3.pdf,medium; project extraction from BOM PDFs,TBD,present in current schematic,NOT_FOR_FAB placeholder; not release-ready,HOLD/TBD; no verified aligned STEP in V2 KiCad,"Magnet direction, sweat corrosion, short, cycle life"
left-right interconnect / future hinge FPC,J4,C039,FPC supplier TBD,custom 6-10 mm FPC / rigid-flex TBD,"Hinge FPC (L<->R) — carries battery power path, AON UART, control lines and GND between the two temples. Enables the split-and-fold structure.",Temple Rears (batt/spkr/ant),HOLD,0.10-0.18 mm target thickness,,6-10,0.10-0.18,AI_Glasses_V2:VERIFY_HINGE_FPC,TBD; use official package drawing before layout,TBD; see placement notes,TBD,TBD,"BAT_P/VSYS, GND, AON UART, EN/PGOOD/fault/status",passive; I2R loss,must carry peak and fault current safely,TBD after thermal review,"EVT-A can be fixed-temple cable/FPC. Folding hinge life, bend radius, stack-up and pin count remain open.",AI Glasses Hardware Dimensions V2.3,2026-07-01,pp. 1-10,/Users/stanley/Downloads/AI_Glasses_Hardware_Dimensions_V2.3.pdf,medium; project extraction from BOM PDFs,HOLD,present in current schematic,NOT_FOR_FAB placeholder; not release-ready,HOLD/TBD; no verified aligned STEP in V2 KiCad,"G12 (impedance, bend radius, life, hinge interference)"
Temple Rears (batt/spkr/ant),J5,C040,TBD,U.FL / I-PEX MHF,"Micro RF connector — 50 ohm, Wi-Fi & BLE antenna debug/attach for EVT.",Temple Rears (batt/spkr/ant),Fit,Connector_Coaxial:U.FL_Hirose_U.FL-R-SMT-1_Vertical,,,,Connector_Coaxial:U.FL_Hirose_U.FL-R-SMT-1_Vertical,TBD; use official package drawing before layout,TBD; see placement notes,TBD,TBD,TBD,TBD,TBD,TBD after thermal review,,Current V2 generated schematic/BOM master,generated 2026-07-01,scripts/chipdown_bom.py,v2_chipdown/scripts/chipdown_bom.py,high for current project intent; not a package drawing,Fit,present in current schematic,candidate; verify official drawing/land pattern/height before layout,HOLD/TBD; no verified aligned STEP in V2 KiCad,Connector height + mating life
BLE antenna,J6,C018,TBD,2.4 GHz FPC/PCB antenna TBD,"BLE antenna — 50 ohm, always-on. Physically separate from the Wi-Fi antenna.",Temple Rears (batt/spkr/ant),TBD,custom antenna/keep-out,,,,AI_Glasses_V2:VERIFY_ANT,TBD; use official package drawing before layout,TBD; see placement notes,TBD,TBD,"RF passive, 50 ohm",passive,radio-dependent,TBD after thermal review,"Requires left-temple tail keep-out, matching and worn-state tune. Must clear battery/copper/screws/magnets.",Current V2 generated schematic/BOM master,generated 2026-07-01,scripts/chipdown_bom.py,v2_chipdown/scripts/chipdown_bom.py,high for current project intent; not a package drawing,TBD,present in current schematic,NOT_FOR_FAB placeholder; not release-ready,HOLD/TBD; no verified aligned STEP in V2 KiCad,Worn-state tuning; clear of battery/metal
Wi-Fi antenna,J7,C017,TBD,2.4/5 GHz FPC or LDS antenna TBD,"Wi-Fi dual-band antenna — 50 ohm, worn-state tuned. Away from SoC/battery/speaker magnet/hinge.",Temple Rears (batt/spkr/ant),TBD,custom antenna/keep-out,,,,AI_Glasses_V2:VERIFY_ANT,TBD; use official package drawing before layout,TBD; see placement notes,TBD,TBD,"RF passive, 50 ohm",passive; radiated from U11,TBD by RF path,TBD after thermal review,"Requires antenna SKU, keep-out, matching and worn-state tuning. Must clear battery, copper, screws, speaker magnet and boost loop.",Current V2 generated schematic/BOM master,generated 2026-07-01,scripts/chipdown_bom.py,v2_chipdown/scripts/chipdown_bom.py,high for current project intent; not a package drawing,TBD,present in current schematic,NOT_FOR_FAB placeholder; not release-ready,HOLD/TBD; no verified aligned STEP in V2 KiCad,Head-loaded RSSI/throughput/SAR; keep-out
main speaker,LS1,C025,TBD,8 ohm 0.5-1 W micro speaker TBD,Main speaker — first version single speaker; open acoustic unit set by temple cavity.,Temple Rears (batt/spkr/ant),TBD,speaker/cavity TBD,,,,AI_Glasses_V2:VERIFY_SPK,TBD; use official package drawing before layout,TBD; see placement notes,TBD,TBD,driven by MAX98360A,13-27 mW average in model,0.5-1 W acoustic part class,TBD after thermal review,"Must choose speaker MPN, magnet size, port, cavity, leak path and antenna exclusion.",Current V2 generated schematic/BOM master,generated 2026-07-01,scripts/chipdown_bom.py,v2_chipdown/scripts/chipdown_bom.py,high for current project intent; not a package drawing,TBD,present in current schematic,NOT_FOR_FAB placeholder; not release-ready,HOLD/TBD; no verified aligned STEP in V2 KiCad,MPN after acoustic cavity/volume/leak test
Temple Rears (batt/spkr/ant),LS2,C026,TBD,2nd speaker pad,Second speaker land — reserved for productization; not populated first version.,Temple Rears (batt/spkr/ant),DNP,AI_Glasses_V2:VERIFY_SPK,,,,AI_Glasses_V2:VERIFY_SPK,TBD; use official package drawing before layout,TBD; see placement notes,TBD,TBD,TBD,TBD,TBD,TBD after thermal review,,Current V2 generated schematic/BOM master,generated 2026-07-01,scripts/chipdown_bom.py,v2_chipdown/scripts/chipdown_bom.py,high for current project intent; not a package drawing,DNP,present in current schematic,NOT_FOR_FAB placeholder; not release-ready,HOLD/TBD; no verified aligned STEP in V2 KiCad,Decide dual-speaker at EVT-B
Temple Rears (batt/spkr/ant),M1,C028,TBD,LRA/ERM motor,LRA/ERM motor — short haptic alerts; can be replaced by phone vibration first version.,Temple Rears (batt/spkr/ant),DNP,AI_Glasses_V2:VERIFY_LRA,,,,AI_Glasses_V2:VERIFY_LRA,TBD; use official package drawing before layout,TBD; see placement notes,TBD,TBD,TBD,TBD,TBD,TBD after thermal review,,Current V2 generated schematic/BOM master,generated 2026-07-01,scripts/chipdown_bom.py,v2_chipdown/scripts/chipdown_bom.py,high for current project intent; not a package drawing,DNP,present in current schematic,NOT_FOR_FAB placeholder; not release-ready,HOLD/TBD; no verified aligned STEP in V2 KiCad,Vibration P1
Temple Rears (batt/spkr/ant),RS2,C044-RCL,TBD,10 mohm 1%,Left branch shunt — BATL_F -> BAT_P; I_CELL_L for current-share monitoring.,Temple Rears (batt/spkr/ant),Fit,AI_Glasses_V2:R_0805_shunt,,,,AI_Glasses_V2:R_0805_shunt,TBD; use official package drawing before layout,TBD; see placement notes,TBD,TBD,TBD,TBD,TBD,TBD after thermal review,,Current V2 generated schematic/BOM master,generated 2026-07-01,scripts/chipdown_bom.py,v2_chipdown/scripts/chipdown_bom.py,high for current project intent; not a package drawing,Fit,present in current schematic,candidate; verify official drawing/land pattern/height before layout,HOLD/TBD; no verified aligned STEP in V2 KiCad,Branch current-share (§7/§29)
Temple Rears (batt/spkr/ant),RS3,C044-RCR,TBD,10 mohm 1%,Right branch shunt — BATR_F -> BAT_P; I_CELL_R for current-share monitoring.,Temple Rears (batt/spkr/ant),Fit,AI_Glasses_V2:R_0805_shunt,,,,AI_Glasses_V2:R_0805_shunt,TBD; use official package drawing before layout,TBD; see placement notes,TBD,TBD,TBD,TBD,TBD,TBD after thermal review,,Current V2 generated schematic/BOM master,generated 2026-07-01,scripts/chipdown_bom.py,v2_chipdown/scripts/chipdown_bom.py,high for current project intent; not a package drawing,Fit,present in current schematic,candidate; verify official drawing/land pattern/height before layout,HOLD/TBD; no verified aligned STEP in V2 KiCad,Branch current-share (§7/§29)
right-cell NTC,RT1,C033a,TBD,10k NTC curve TBD,Right cell temperature — 10k NTC at the cell into nPM1300 NTC/AON ADC. Per-cell NTC (§15).,Temple Rears (batt/spkr/ant),Fit,0402 or film probe,,,,AI_Glasses_V2:R_0402,TBD; use official package drawing before layout,TBD; see placement notes,TBD,TBD,AON analog / nPM1300 temperature input,uW class divider,uW class,TBD after thermal review,"Location matters more than package: place against cell body, not charger IC.",AI Glasses Hardware Dimensions V2.3,2026-07-01,pp. 1-10,/Users/stanley/Downloads/AI_Glasses_Hardware_Dimensions_V2.3.pdf,medium; project extraction from BOM PDFs,PROVISIONAL,present in current schematic,candidate; verify official drawing/land pattern/height before layout,HOLD/TBD; no verified aligned STEP in V2 KiCad,NTC curve matched to nPM1300 charger config
left-cell NTC,RT2,C033b,TBD,10k NTC curve TBD,Left cell temperature — 10k NTC at the cell into nPM1300 NTC/AON ADC.,Temple Rears (batt/spkr/ant),Fit,0402 or film probe,,,,AI_Glasses_V2:R_0402,TBD; use official package drawing before layout,TBD; see placement notes,TBD,TBD,AON analog / nPM1300 temperature input,uW class divider,uW class,TBD after thermal review,Needs JEITA/nPM1300 charger config match.,AI Glasses Hardware Dimensions V2.3,2026-07-01,pp. 1-10,/Users/stanley/Downloads/AI_Glasses_Hardware_Dimensions_V2.3.pdf,medium; project extraction from BOM PDFs,PROVISIONAL,present in current schematic,candidate; verify official drawing/land pattern/height before layout,HOLD/TBD; no verified aligned STEP in V2 KiCad,NTC curve matched to nPM1300 charger config
Temple Rears (batt/spkr/ant),TP2,C033-TP,TBD,Battery test points,"Battery Kelvin test points — Cell-L+, Cell-R+, Pack+, Cell-neg, both NTCs for pairing / current-share / temperature verification.",Temple Rears (batt/spkr/ant),Fit,AI_Glasses_V2:TestPad_Set,,,,AI_Glasses_V2:TestPad_Set,TBD; use official package drawing before layout,TBD; see placement notes,TBD,TBD,TBD,TBD,TBD,TBD after thermal review,,Current V2 generated schematic/BOM master,generated 2026-07-01,scripts/chipdown_bom.py,v2_chipdown/scripts/chipdown_bom.py,high for current project intent; not a package drawing,Fit,present in current schematic,candidate; verify official drawing/land pattern/height before layout,HOLD/TBD; no verified aligned STEP in V2 KiCad,Cell/pack voltage + NTC probe access (§21)
Temple Rears (batt/spkr/ant),U26,C044-ICL,TBD,INA238 (I_CELL_L),Left branch current across RS2 — cell current-share vs SOC/temp.,Temple Rears (batt/spkr/ant),DNP,AI_Glasses_V2:VSSOP-10,,,,AI_Glasses_V2:VSSOP-10,TBD; use official package drawing before layout,TBD; see placement notes,TBD,TBD,TBD,TBD,TBD,TBD after thermal review,,Current V2 generated schematic/BOM master,generated 2026-07-01,scripts/chipdown_bom.py,v2_chipdown/scripts/chipdown_bom.py,high for current project intent; not a package drawing,DNP,present in current schematic,DNP; do not treat as release BOM,HOLD/TBD; no verified aligned STEP in V2 KiCad,Power Gate — EVT-A only (current-share)
Temple Rears (batt/spkr/ant),U27,C044-ICR,TBD,INA238 (I_CELL_R),Right branch current across RS3 — cell current-share vs SOC/temp.,Temple Rears (batt/spkr/ant),DNP,AI_Glasses_V2:VSSOP-10,,,,AI_Glasses_V2:VSSOP-10,TBD; use official package drawing before layout,TBD; see placement notes,TBD,TBD,TBD,TBD,TBD,TBD after thermal review,,Current V2 generated schematic/BOM master,generated 2026-07-01,scripts/chipdown_bom.py,v2_chipdown/scripts/chipdown_bom.py,high for current project intent; not a package drawing,DNP,present in current schematic,DNP; do not treat as release BOM,HOLD/TBD; no verified aligned STEP in V2 KiCad,Power Gate — EVT-A only (current-share)
camera FPC tail,CAM_FPC,VIRTUAL,camera/FPC supplier TBD,custom camera FPC TBD,,Virtual mechanical item,HOLD,0.2 mm class FPC candidate,,,,,TBD; use official package drawing before layout,TBD; see placement notes,TBD,TBD,"MIPI CSI, I2C, rails, GND",passive; I2R/insertion loss,pin-current TBD,TBD after thermal review,"Virtual mechanical item; final exit direction, stiffener, contact side and bend radius required.",Current V2 generated schematic/BOM master,generated 2026-07-01,scripts/chipdown_bom.py,v2_chipdown/scripts/chipdown_bom.py,high for current project intent; not a package drawing,HOLD,virtual mechanical note,virtual; no KiCad footprint,HOLD/TBD; no verified aligned STEP in V2 KiCad,close gate/source data before PCB layout
camera lens stack,CAM_LENS,VIRTUAL,Radxa/Sony module candidate,Radxa Camera 4K AS001 lens candidate,,Virtual mechanical item,HOLD,"M12 x 0.5 lens, approx OD 14 mm",32.5,32.5,18.0,,TBD; use official package drawing before layout,TBD; see placement notes,TBD,TBD,mechanical/optical,passive,passive,TBD after thermal review,"Virtual mechanical item, not in schematic. Must not replace U14 custom module unless EE/CAD approve that architecture.",AI Glasses Hardware Dimensions V2.3,2026-07-01,pp. 1-10,/Users/stanley/Downloads/AI_Glasses_Hardware_Dimensions_V2.3.pdf,medium; project extraction from BOM PDFs,HOLD,virtual mechanical note,virtual; no KiCad footprint,HOLD/TBD; no verified aligned STEP in V2 KiCad,close gate/source data before PCB layout
