,,Function 0,Function 1,Function 2,Function 3,Function 4,Function 5,Function 6,Function 7,Function 8,Function 9,Function 10,Function 11,Function 12,Function 13,Function 14,Function 15
Net Name (CM4网络名),Number,,,,,,,,,,,,,,,,
GND,1,,,,,,,,,,,,,,,,
GND,2,,,,,,,,,,,,,,,,
PHY1_MDI3+,3,,,,,,,,,,,,,,,,
PHY1_MDI1+,4,,,,,,,,,,,,,,,,
PHY1_MDI3-,5,,,,,,,,,,,,,,,,
PHY1_MDI1-,6,,,,,,,,,,,,,,,,
GND,7,,,,,,,,,,,,,,,,
GND,8,,,,,,,,,,,,,,,,
PHY1_MDI2-,9,,,,,,,,,,,,,,,,
PHY1_MDI0-,10,,,,,,,,,,,,,,,,
PHY1_MDI2+,11,,,,,,,,,,,,,,,,
PHY1_MDI0+,12,,,,,,,,,,,,,,,,
GND,13,,,,,,,,,,,,,,,,
GND,14,,,,,,,,,,,,,,,,
PHY1_LED2_Y,15,,,,,,,,,,,,,,,,
UART5_RX_M0_1V8,16,GPIO3_D4,VO_LCDC_DEN,VO_EBC_SDLE,,SAI1_SDI1_M1,DSMC_DATA0,FLEXBUS1_D1,,,UART5_RX_M0,SPI3_CLK_M1,I2C3_SCL_M2,,,,
PHY1_LED1_G,17,,,,,,,,,,,,,,,,
UART5_TX_M0_1V8,18,GPIO3_D5,VO_LCDC_HSYNC,VO_EBC_GDCLK,,SAI1_SDI2_M1,DSMC_CLKP,FLEXBUS1_D0,,,UART5_TX_M0,SPI3_MISO_M1,I2C3_SDA_M2,,,,
PHY1_LED0_Y1,19,,,,,,,,,,,,,,,,
EEPROM_NWP,20,,,,,,,,,,,,,,,,
PI_NLED_ACTIVITY,21,GPIO2_D0,,ETH1_TXCTL_M0,,SAI4_SDI_M3,,,,,UART4_TX_M0,,I2C6_SCL_M2,,PWM2_CH0_M2,,
GND,22,,,,,,,,,,,,,,,,
GND,23,,,,,,,,,,,,,,,,
CAN1_RX_M3,24,GPIO3_A3,VI_CIF_CLKI,ETH1_PTP_REFCLK_M0,ETH0_RXD1_M1,SAI3_SDI_M2,SPDIF_TX1_M1,,,,UART3_RTSN_M0,SPI3_CSN0_M0,CAN1_RX_M3,,,,
SAI2_SDO_M0,25,GPIO1_D0,ETH1_RXD1_M1,,,SAI2_SDO_M0,,,,,UART10_TX_M1,,,,,,
SAI2_LRCK_M0,26,GPIO1_D2,ETH1_MDC_M1,,,SAI2_LRCK_M0,,,,,,I3C0_SCL_M1,,,PWM1_CH3_M1,,
SAI2_SDI_M0,27,GPIO1_D3,ETH1_MDIO_M1,,,SAI2_SDI_M0,,,,,,I3C0_SDA_M1,,,PWM1_CH4_M1,,
SPI2_MOSI_M1,28,GPIO1_C4,ETH1_TXD0_M1,,FSPI1_D0_M1,,,,,,UART4_TX_M1,UART2_RTSN_M0,SPI2_MOSI_M1,PCIE0_BUTTONRSTN,,,
SAI2_MCLK_M0,29,GPIO1_D4,ETH1_MCLK_M1,,,SAI2_MCLK_M0,PDM0_SDI3_M2,SPDIF_RX1_M2,,,UART10_RTSN_M1,I2C5_SCL_M1,,,,,
GPIO1_C1,30,GPIO1_C1,ETH1_TXCLK_M1,SDMMC1_CLK_M0,,SAI3_MCLK_M1,PDM0_CLK0_M2,,,,UART3_RX_M2,,,,,,
SPI2_CLK_M1,31,GPIO1_D5,ETH_CLK1_25M_OUT_M1,,FSPI1_CLK_M1,,PDM0_CLK1_M2,SPDIF_TX1_M2,,,UART10_CTSN_M1,I2C5_SDA_M1,SPI2_CLK_M1,SATA_MPSWIT,CLK1_32K_OUT,,
GND,32,,,,,,,,,,,,,,,,
GND,33,,,,,,,,,,,,,,,,
CAN1_TX_M3,34,GPIO3_A2,VI_CIF_CLKO,ETH1_PPSCLK_M0,ETH0_RXCTL_M1,SAI3_SDO_M2,SPDIF_RX1_M1,,,,UART3_CTSN_M0,SPI3_MISO_M0,CAN1_TX_M3,MIPI_TE_M1,,,
I2C6_SCL_M3,35,GPIO4_C6,,SAI4_SDI_M2,VP1_SYNC_OUT,,,,,,PCIE0_CLKREQN_M3,SATA0_ACTLED_M1,I2C6_SCL_M3,SPI4_MISO_M0,CAN1_TX_M1,PWM2_CH2_M1,
I2C6_SDA_M3,36,GPIO4_C7,,SAI4_SCLK_M2,VP2_SYNC_OUT,,,,,,,,I2C6_SDA_M3,SPI4_CLK_M0,CAN1_RX_M1,PWM2_CH3_M1,
SPI1_CSN1_M0,37,GPIO1_C0,ETH1_TXD3_M1,SDMMC1_CMD_M0,,,PDM0_SDI2_M2,,,,UART3_TX_M2,,SPI1_CSN1_M0,,PWM0_CH0_M1,,
SPI1_CLK_M0,38,GPIO1_B4,ETH1_RXD2_M1,SDMMC1_D0_M0,,SAI3_SCLK_M1,,,,,,I2C9_SDA_M1,SPI1_CLK_M0,PCIE1_CLKREQN_M1,PWM1_CH0_M1,,
SPI1_CSN0_M0,39,GPIO1_B7,ETH1_TXD2_M1,SDMMC1_D3_M0,,SAI3_SDI_M1,,,,,UART3_RTSN_M2,,SPI1_CSN0_M0,,,,
SPI1_MISO_M0,40,GPIO1_B6,ETH1_RXCLK_M1,SDMMC1_D2_M0,,SAI3_SDO_M1,,,,,UART3_CTSN_M2,,SPI1_MISO_M0,PCIE0_CLKREQN_M1,,,
MIPI_DPHY_CSI2_CAM_CLKOUT,41,GPIO2_D7,CAM_CLK2_OUT_M1,ETH1_MCLK_M0,ETH_CLK0_25M_OUT_M1,SAI0_SDO3_M0,SPDIF_TX0_M2,,,,UART9_CTSN_M0,SPI3_CSN1_M0,,,PWM2_CH7_M2,,
GND,42,,,,,,,,,,,,,,,,
GND,43,,,,,,,,,,,,,,,,
SPI1_MOSI_M0,44,GPIO1_B5,ETH1_RXD3_M1,SDMMC1_D1_M0,,SAI3_LRCK_M1,,,,,,I2C9_SCL_M1,SPI1_MOSI_M0,,PWM1_CH1_M1,,
UART7_RX_M0,45,GPIO2_B7,VI_CIF_D6,,ETH0_RXD2_M1,SAI0_LRCK_M0,,,,,UART7_RX_M0,UART8_CTSN_M1,I2C8_SDA_M2,,,,
SPI2_MISO_M1,46,GPIO1_C5,ETH1_TXD1_M1,,FSPI1_D1_M1,,,,,,UART4_RX_M1,UART2_CTSN_M0,SPI2_MISO_M1,PCIE1_BUTTONRSTN,,,
UART7_TX_M0,47,GPIO2_B6,VI_CIF_D7,ETH1_PTP_REFCLK_M1,ETH0_RXD3_M1,SAI0_SCLK_M0,,,,,UART7_TX_M0,UART8_RTSN_M1,I2C8_SCL_M2,,,,
PWM1_CH0_M2,48,GPIO2_C0,VI_CIF_D5,ETH1_RXD2_M0,ETH0_PTP_REFCLK_M1,,PDM1_SDI1_M0,,,,UART9_RX_M0,,,,PWM1_CH0_M2,,
SAI2_SCLK_M0,49,GPIO1_D1,ETH1_RXCTL_M1,,,SAI2_SCLK_M0,,,,,UART10_RX_M1,I3C0_SDA_PU_M1,,,,,
SPI2_CSN1_M1,50,GPIO1_C2,ETH1_PPSCLK_M1,SDMMC1_PWREN_M0,FSPI1_CSN1_M1,,,,,,UART4_RTSN_M1,I2C6_SCL_M1,SPI2_CSN1_M1,,PWM1_CH2_M1,,
UART0_RX_M0_DEBUG,51,GPIO0_D5,,,,,,,,,UART0_RX_M0,JTAG_TMS_M1,,,,,
GND,52,,,,,,,,,,,,,,,,
GND,53,,,,,,,,,,,,,,,,
SPI2_CSN0_M1,54,GPIO1_C3,ETH1_PPSTRIG_M1,SDMMC1_DETN_M0,FSPI1_CSN0_M1,,,,,,UART4_CTSN_M1,I2C6_SDA_M1,SPI2_CSN0_M1,,,,
UART0_TX_M0_DEBUG,55,GPIO0_D4,,,,,,,,,UART0_TX_M0,JTAG_TCK_M1,,,,,
I2C8_SCL_M1,56,GPIO1_C6,ETH1_TXCTL_M1,,FSPI1_D2_M1,,PDM0_SDI0_M2,,,,UART2_TX_M0,I2C8_SCL_M1,,SATA_CPPOD,,,
SDMMC0_CLK,57,GPIO2_A5,SDMMC0_CLK,FSPI1_CLK_M0,,SAI3_SCLK_M3,TEST_CLK_OUT,,,,UART5_TX_M2,,I2C5_SCL_M0,SPI0_CLK_M1,,I3C1_SDA_PU_M1,
I2C8_SDA_M1,58,GPIO1_C7,ETH1_RXD0_M1,,FSPI1_D3_M1,,PDM0_SDI1_M2,,,,UART2_RX_M0,I2C8_SDA_M1,,SATA_CPDET,,,
GND,59,,,,,,,,,,,,,,,,
GND,60,,,,,,,,,,,,,,,,
SDMMC0_D3/JTAG_TMS_M0,61,GPIO2_A3,SDMMC0_D3,FSPI1_D3_M0,DSM_AUD_RN_M0,SAI3_SDI_M3,,,,,JTAG_TMS_M0,UART5_CTSN_M2,,,CAN1_TX_M0,I3C1_SDA_M1,
SDMMC0_CMD,62,GPIO2_A4,SDMMC0_CMD,FSPI1_CSN0_M0,,SAI3_SDO_M3,,,,,UART5_RX_M2,,I2C5_SDA_M0,SPI0_CSN0_M1,,PWM2_CH4_M0,
SDMMC0_D0,63,GPIO2_A0,SDMMC0_D0,FSPI1_D0_M0,DSM_AUD_LP_M0,,,,,,UART0_RX_M1,UART7_RX_M2,I2C8_SCL_M0,SPI0_MOSI_M1,CAN0_RX_M0,PWM2_CH2_M0,
GPIO0_A2_1V8,64,GPIO0_A2,,,,,,,,,CLK_32K_IN,CLK0_32K_OUT,I2C6_SCL_M0,,,,
GND,65,,,,,,,,,,,,,,,,
GND,66,,,,,,,,,,,,,,,,
SDMMC0_D1,67,GPIO2_A1,SDMMC0_D1,FSPI1_D1_M0,DSM_AUD_LN_M0,SAI3_MCLK_M3,,,,,UART0_TX_M1,UART7_TX_M2,I2C8_SDA_M0,SPI0_MISO_M1,CAN0_TX_M0,PWM2_CH3_M0,
GPIO0_A5_1V8,68,GPIO0_A5,,,,,,,,,PWR_CTRL3,,I2C6_SDA_M0,,,,
SDMMC0_D2/JTAG_TCK_M0,69,GPIO2_A2,SDMMC0_D2,FSPI1_D2_M0,DSM_AUD_RP_M0,SAI3_LRCK_M3,,,,,JTAG_TCK_M0,UART5_RTSN_M2,,SPI0_CSN1_M1,CAN1_RX_M0,I3C1_SCL_M1,
I2C4_SDA_M3_1V8,70,GPIO3_B7,VO_LCDC_D12,VO_EBC_SDDO12,ETH0_PPSTRIG_M0,SAI1_SDI0_M1,DSMC_DQS0,FLEXBUS1_D10,,FLEXBUS1_CSN_M0,UART2_RX_M2,UART3_CTSN_M1,I2C4_SDA_M3,,,,
GND,71,,,,,,,,,,,,,,,,
I2C4_SCL_M3_1V8,72,GPIO3_C0,VO_LCDC_D11,VO_EBC_SDDO11,ETH0_PPSCLK_M0,SAI1_SDO3_M1,DSMC_DATA7,FLEXBUS1_D9,,,UART2_TX_M2,UART3_RTSN_M1,I2C4_SCL_M3,,,,
GPIO3_D6_1V8,73,GPIO3_D6,VO_LCDC_VSYNC,VO_EBC_SDCLK,,SAI1_SDI3_M1,DSMC_CLKN,FLEXBUS1_CLK,,,UART5_CTSN_M0,SPI3_MOSI_M1,,PWM2_CH6_M3,,,
GND,74,,,,,,,,,,,,,,,,
SDMMC0_PWREN_H,75,GPIO0_B6,SDMMC0_PWREN,SDMMC1_DETN_M2,,,,,,,HDMI_TX_HPDIN_M1,EDP_TX_HPDIN_M1,,PWM1_CH2_M0,,,
SDMMC0_DET_L,76,GPIO0_A7,SDMMC0_DETN,,,,,,,,SPI2_CSN1_M0,,,,,,
5V_DCIN,77,,,,,,,,,,,,,,,,
GPIO_VREF,78,,,,,,,,,,,,,,,,
5V_DCIN,79,,,,,,,,,,,,,,,,
I2C0_SCL_M1_TP,80,GPIO0_C1,,,,,,,,,I2C0_SCL_M1,UART8_TX_M2,I3C0_SCL_M0,,,,
5V_DCIN,81,,,,,,,,,,,,,,,,
I2C0_SDA_M1_TP,82,GPIO0_C2,,,,,,,,,I2C0_SDA_M1,UART8_RX_M2,I3C0_SDA_M0,,,,
5V_DCIN,83,,,,,,,,,,,,,,,,
VCCIO6,84,,,,,,,,,,,,,,,,
5V_DCIN,85,,,,,,,,,,,,,,,,
VCCIO6,86,,,,,,,,,,,,,,,,
5V_DCIN,87,,,,,,,,,,,,,,,,
VCC_1V8_S0,88,,,,,,,,,,,,,,,,
WL_NDIS,89,SARADC_IN1,,,,,,,,,,,,,,,
VCC_1V8_S0,90,,,,,,,,,,,,,,,,
BT_NDIS,91,GPIO2_C1,VI_CIF_D4,ETH1_RXD3_M0,ETH0_PPSCLK_M1,SAI2_MCLK_M1,PDM1_CLK1_M0,,,,UART9_TX_M0,SPI1_CSN1_M1,,,PWM1_CH1_M2,,
RESET_L,92,NPOR,,,,,,,,,,,,,,,
MASKROM,93,SARADC_IN0_BOOT,,,,,,,,,,,,,,,
PDM1_SDI1_M1,94,GPIO4_B2,SAI1_SDO3_M0,SAI1_SDI1_M0,PDM1_SDI1_M1,FLEXBUS1_D15_M1,,,,,SPI4_MISO_M2,,MIPI_TE_M0,,,,
NPWR_LED,95,GPIO2_C4,VI_CIF_D1,ETH1_TXD3_M0,,SAI2_SDO_M1,PDM1_SDI0_M0,,,,UART11_TX_M1,SPI1_CSN0_M1,,,PWM1_CH3_M2,,
PDM1_CLK1_M1,96,GPIO4_B0,SAI1_SDO1_M0,SAI1_SDI3_M0,PDM1_CLK1_M1,FLEXBUS1_D13_M1,,,,,SPI4_CLK_M2,UART5_TX_M1,UART6_RTSN_M0,UART2_RTSN_M1,,,
CAM1_GPIO,97,GPIO2_C5,VI_CIF_D0,ETH1_TXCLK_M0,,SAI2_SDI_M1,PDM1_CLK0_M0,,,,UART11_RX_M1,SPI1_CLK_M1,,,PWM1_CH4_M2,,
GND,98,,,,,,,,,,,,,,,,
PWRON_L,99,,,,,,,,,,,,,,,,
EXT_RST,100,GPIO0_C4,SAI0_MCLK_M1,,PDM0_CLK0_M0,,,,,,,UART10_TX_M2,,PWM0_CH0_M0,,,
USB2_OTG0_ID,101,USB2_OTG0_ID,,,,,,,,,,,,,,,
PCIE0_CLKREQN_M0,102,GPIO2_B2,VI_CIF_D11,SDMMC1_CMD_M1,ETH0_TXD3_M1,SAI0_SDI2_M0,PDM0_SDI1_M3,,,,UART1_CTSN_M1,SPI4_CSN0_M3,PCIE0_CLKREQN_M0,,,,
USB2_OTG0_DM,103,MIPI_DPHY_DSI_TX_D3P,NO_USE,,,,,,,,,,,,,,
MIPI_DPHY_CSI4_RX_CLKN,104,,MIPI_DPHY_CSI4_RX_CLKN,,,,,,,,,,,,,,
USB2_OTG0_DP,105,USB2_OTG0_DP,,,,,,,,,,,,,,,
MIPI_DPHY_CSI4_RX_CLKP,106,,MIPI_DPHY_CSI4_RX_CLKP,,,,,,,,,,,,,,
GND,107,,,,,,,,,,,,,,,,
GND,108,,,,,,,,,,,,,,,,
PCIE0_PERSTN,109,GPIO2_B4,VI_CIF_D9,SDMMC1_PWREN_M1,ETH0_TXD2_M1,SAI0_SDI3_M0,PDM0_SDI0_M3,,,,UART7_CTSN_M0,SPI4_MOSI_M3,,SATA0_ACTLED_M0,,,
PCIE0_SOC_REFCLKP,110,PCIE0_REFCLKP,,,,,,,,,,,,,,,
PDM1_SDI2_M1,111,GPIO4_B1,SAI1_SDO2_M0,SAI1_SDI2_M0,PDM1_SDI2_M1,FLEXBUS1_D14_M1,,,,,SPI4_MOSI_M2,UART5_RX_M1,UART6_CTSN_M0,UART2_CTSN_M1,,,
PCIE0_SOC_REFCLKN,112,PCIE0_REFCLKN,,,,,,,,,,,,,,,
GND,113,,,,,,,,,,,,,,,,
GND,114,,,,,,,,,,,,,,,,
MIPI_DPHY_CSI3_RX_D0N,115,MIPI_DPHY_CSI3_RX_D0N,,,,,,,,,,,,,,,
PCIE0_SOC_RXP,116,PCIE0_RXP,SATA0_RXP,,,,,,,,,,,,,,
MIPI_DPHY_CSI3_RX_D0P,117,MIPI_DPHY_CSI3_RX_D0P,,,,,,,,,,,,,,,
PCIE0_SOC_RXN,118,PCIE0_RXN,SATA0_RXN,,,,,,,,,,,,,,
GND,119,,,,,,,,,,,,,,,,
GND,120,,,,,,,,,,,,,,,,
MIPI_DPHY_CSI3_RX_D1N,121,MIPI_DPHY_CSI3_RX_D1N,,,,,,,,,,,,,,,
PCIE0_SOC_TXP,122,PCIE0_TXP,SATA0_TXP,,,,,,,,,,,,,,
MIPI_DPHY_CSI3_RX_D1P,123,MIPI_DPHY_CSI3_RX_D1P,,,,,,,,,,,,,,,
PCIE0_SOC_TXN,124,PCIE0_TXN,SATA0_TXN,,,,,,,,,,,,,,
GND,125,,,,,,,,,,,,,,,,
GND,126,,,,,,,,,,,,,,,,
MIPI_DPHY_CSI3_RX_CLKN,127,MIPI_DPHY_CSI3_RX_CLKN,,,,,,,,,,,,,,,
MIPI_DPHY_CSI1_RX_D0N,128,MIPI_DPHY_CSI1_RX_D0N,,,,,,,,,,,,,,,
MIPI_DPHY_CSI3_RX_CLKP,129,MIPI_DPHY_CSI3_RX_CLKP,,,,,,,,,,,,,,,
MIPI_DPHY_CSI1_RX_D0P,130,MIPI_DPHY_CSI1_RX_D0P,,,,,,,,,,,,,,,
GND,131,,,,,,,,,,,,,,,,
GND,132,,,,,,,,,,,,,,,,
MIPI_DPHY_CSI4_RX_D0N,133,MIPI_DPHY_CSI3_RX_D2N,MIPI_DPHY_CSI4_RX_D0N,,,,,,,,,,,,,,
MIPI_DPHY_CSI1_RX_D1N,134,MIPI_DPHY_CSI1_RX_D1N,,,,,,,,,,,,,,,
MIPI_DPHY_CSI4_RX_D0P,135,MIPI_DPHY_CSI3_RX_D2P,MIPI_DPHY_CSI4_RX_D0P,,,,,,,,,,,,,,
MIPI_DPHY_CSI1_RX_D1P,136,MIPI_DPHY_CSI1_RX_D1P,,,,,,,,,,,,,,,
GND,137,,,,,,,,,,,,,,,,
GND,138,,,,,,,,,,,,,,,,
MIPI_DPHY_CSI4_RX_D1N,139,MIPI_DPHY_CSI3_RX_D3N,MIPI_DPHY_CSI4_RX_D1N,,,,,,,,,,,,,,
MIPI_DPHY_CSI1_RX_CLKN,140,MIPI_DPHY_CSI1_RX_CLKN,,,,,,,,,,,,,,,
MIPI_DPHY_CSI4_RX_D1P,141,MIPI_DPHY_CSI3_RX_D3P,MIPI_DPHY_CSI4_RX_D1P,,,,,,,,,,,,,,
MIPI_DPHY_CSI1_RX_CLKP,142,MIPI_DPHY_CSI1_RX_CLKP,,,,,,,,,,,,,,,
MIPI_CAM3_PDN_1V8,143,GPIO3_C5,VO_LCDC_D6,VO_EBC_SDDO6,,SAI1_SDO0_M1,DSMC_DATA4,FLEXBUS1_D6,,,UART8_RX_M0,SPI1_MISO_M2,,PWM2_CH2_M3,,,
GND,144,,,,,,,,,,,,,,,,
I2C5_SDA_M3_1V8,145,GPIO3_C1,VO_LCDC_D10,VO_EBC_SDDO10,ETH0_PTP_REFCLK_M0,SAI1_SDO2_M1,DSMC_DATA6,FLEXBUS1_D8,,,UART11_RX_M0,SPI2_MISO_M2,I2C5_SDA_M3,CAN0_RX_M3,,,
SDS_IN_P,146,,,,,,,,,,,,,,,,
I2C5_SCL_M3_1V8,147,GPIO3_C4,VO_LCDC_D7,VO_EBC_SDDO7,,SAI1_SDO1_M1,DSMC_DATA5,FLEXBUS1_D7,,,UART11_TX_M0,SPI2_CSN0_M2,I2C5_SCL_M3,CAN0_TX_M3,,,
SDS_IN_N,148,,,,,,,,,,,,,,,,
HDMITX_SBDP,149,HDMI_TX_SBDP,EDP_TX_AUXP,,,,,,,,,,,,,,
GND,150,,,,,,,,,,,,,,,,
HDMI_TX_CEC_PORT,151,GPIO4_C0,DSM_AUD_LP_M1,SAI4_MCLK_M2,,,,,,,HDMI_TX_CEC_M0,,I2C7_SCL_M3,SPI4_CSN1_M0,UART11_TX_M2,PWM1_CH5_M1,
HSOP,152,,,,,,,,,,,,,,,,
HDMITX_HPDIN/HDMITX_SBDN,153,HDMI_TX_SBDN,EDP_TX_AUXN,,,,,,,,,,,,,,
HSON,154,,,,,,,,,,,,,,,,
GND,155,,,,,,,,,,,,,,,,
GND,156,,,,,,,,,,,,,,,,
MIPI_DPHY_CSI2_RX_D0N,157,MIPI_DPHY_CSI1_RX_D2N,MIPI_DPHY_CSI2_RX_D0N,,,,,,,,,,,,,,
HSOP_CLK,158,,,,,,,,,,,,,,,,
MIPI_DPHY_CSI2_RX_D0P,159,MIPI_DPHY_CSI1_RX_D2P,MIPI_DPHY_CSI2_RX_D0P,,,,,,,,,,,,,,
HSON_CLK,160,,,,,,,,,,,,,,,,
GND,161,,,,,,,,,,,,,,,,
GND,162,,,,,,,,,,,,,,,,
MIPI_DPHY_CSI2_RX_D1N,163,MIPI_DPHY_CSI1_RX_D3N,MIPI_DPHY_CSI2_RX_D1N,,,,,,,,,,,,,,
INTB,164,,,,,,,,,,,,,,,,
MIPI_DPHY_CSI2_RX_D1P,165,MIPI_DPHY_CSI1_RX_D3P,MIPI_DPHY_CSI2_RX_D1P,,,,,,,,,,,,,,
PTP_CLKIN,166,,,,,,,,,,,,,,,,
GND,167,,,,,,,,,,,,,,,,
GND,168,,,,,,,,,,,,,,,,
MIPI_DPHY_CSI2_RX_CLKN,169,,MIPI_DPHY_CSI2_RX_CLKN,,,,,,,,,,,,,,
HDMI_TX2P,170,HDMI_TX_D2P,EDP_TX_D2P,,,,,,,,,,,,,,
MIPI_DPHY_CSI2_RX_CLKP,171,,MIPI_DPHY_CSI2_RX_CLKP,,,,,,,,,,,,,,
HDMI_TX2N,172,HDMI_TX_D2N,EDP_TX_D2N,,,,,,,,,,,,,,
GND,173,,,,,,,,,,,,,,,,
GND,174,,,,,,,,,,,,,,,,
MIPI_DPHY_DSI_TX_D0N,175,MIPI_DPHY_DSI_TX_D0N,MIPI_CPHY_DSI_TX_TRIO0_A,,,,,,,,,,,,,,
HDMI_TX1P,176,HDMI_TX_D1P,EDP_TX_D1P,,,,,,,,,,,,,,
MIPI_DPHY_DSI_TX_D0P,177,MIPI_DPHY_DSI_TX_D0P,MIPI_CPHY_DSI_TX_TRIO0_B,,,,,,,,,,,,,,
HDMI_TX1N,178,HDMI_TX_D1N,EDP_TX_D1N,,,,,,,,,,,,,,
GND,179,,,,,,,,,,,,,,,,
GND,180,,,,,,,,,,,,,,,,
MIPI_DPHY_DSI_TX_D1N,181,MIPI_DPHY_DSI_TX_D1N,MIPI_CPHY_DSI_TX_TRIO0_C,,,,,,,,,,,,,,
HDMI_TX0P,182,HDMI_TX_D0P,EDP_TX_D0P,,,,,,,,,,,,,,
MIPI_DPHY_DSI_TX_D1P,183,MIPI_DPHY_DSI_TX_D1P,MIPI_CPHY_DSI_TX_TRIO1_A,,,,,,,,,,,,,,
HDMI_TX0N,184,HDMI_TX_D0N,EDP_TX_D0N,,,,,,,,,,,,,,
GND,185,,,,,,,,,,,,,,,,
GND,186,,,,,,,,,,,,,,,,
MIPI_DPHY_DSI_TX_CLKN,187,MIPI_DPHY_DSI_TX_CLKN,MIPI_CPHY_DSI_TX_TRIO1_B,,,,,,,,,,,,,,
HDMI_TX3P,188,HDMI_TX_D3P,EDP_TX_D3P,,,,,,,,,,,,,,
MIPI_DPHY_DSI_TX_CLKP,189,MIPI_DPHY_DSI_TX_CLKP,MIPI_CPHY_DSI_TX_TRIO1_C,,,,,,,,,,,,,,
HDMI_TX3N,190,HDMI_TX_D3N,EDP_TX_D3N,,,,,,,,,,,,,,
GND,191,,,,,,,,,,,,,,,,
GND,192,,,,,,,,,,,,,,,,
MIPI_DPHY_DSI_TX_D2N,193,MIPI_DPHY_DSI_TX_D2N,MIPI_CPHY_DSI_TX_TRIO2_A,,,,,,,,,,,,,,
MIPI_DPHY_DSI_TX_D3N,194,MIPI_DPHY_DSI_TX_D3N,MIPI_CPHY_DSI_TX_TRIO2_C,,,,,,,,,,,,,,
MIPI_DPHY_DSI_TX_D2P,195,MIPI_DPHY_DSI_TX_D2P,MIPI_CPHY_DSI_TX_TRIO2_B,,,,,,,,,,,,,,
MIPI_DPHY_DSI_TX_D3P,196,MIPI_DPHY_DSI_TX_D3P,NO_USE,,,,,,,,,,,,,,
GND,197,,,,,,,,,,,,,,,,
GND,198,,,,,,,,,,,,,,,,
HDMI_TX_SDA_PORT,199,GPIO4_C3,DSM_AUD_RN_M1,,,,,,,,HDMI_TX_SDA,,I2C2_SDA_M3,CAN0_RX_M1,UART9_RX_M2,PWM2_CH1_M1,
HDMI_TX_SCL_PORT,200,GPIO4_C2,DSM_AUD_RP_M1,,,,,,,,HDMI_TX_SCL,,I2C2_SCL_M3,CAN0_TX_M1,UART9_TX_M2,PWM2_CH0_M1,
Net Name  (CM4网络名),Number,,,,,,,,,,,,,,,,
GND,1,,,,,,,,,,,,,,,,
GND,2,,,,,,,,,,,,,,,,
TYPEC_DPTX_AUX_PUPDCTL2,3,GPIO2_D4,ISP_PRELIGHT_TRIG_M0,ETH1_MDC_M0,,,,,,,UART6_RTSN_M1,,I2C9_SDA_M2,,PWM2_CH4_M2,,
DP_TX_AUXP_SBU1,4,DP_TX_AUXP,,,,,,,,,,,,,,,
TYPEC_DPTX_AUX_PUPDCTL1,5,GPIO3_A1,VI_CIF_VSYNC,ETH1_PPSTRIG_M0,ETH0_MDC_M1,SAI3_LRCK_M2,,,,,UART3_RX_M0,SPI3_MOSI_M0,I2C7_SDA_M1,,,,
DP_TX_AUXN_SBU2,6,DP_TX_AUXN,,,,,,,,,,,,,,,
I2C2_SCL_M0_CC_RTC,7,GPIO0_B7,,,,,,,,,I2C2_SCL_M0,UART1_TX_M0,NPU_AVS,PWM1_CH4_M0,,,
GND,8,,,,,,,,,,,,,,,,
I2C2_SDA_M0_CC_RTC,9,GPIO0_C0,,,,,,,,,I2C2_SDA_M0,UART1_RX_M0,CPULIT_AVS,PWM1_CH3_M0,,,
SSRX1P_DP_TX_D0P,10,USB3_OTG0_SSRX1P,DP_TX_D0P,,,,,,,,,,,,,,
TYPEC5V_PWREN_H,11,GPIO2_A6,VI_CIF_D15,SDMMC1_D0_M1,ETH0_RXD0_M1,SAI0_SDO0_M0,,,,,UART8_TX_M1,SPI4_CSN1_M3,I2C4_SCL_M2,,,,
SSRX1N_DP_TX_D0N,12,USB3_OTG0_SSRX1N,DP_TX_D0N,,,,,,,,,,,,,,
LCD_PWREN_H,13,GPIO2_D2,CAM_CLK0_OUT_M1,ETH1_RXD1_M0,,SAI4_MCLK_M3,,,,,UART6_TX_M1,,,I3C1_SCL_M0,PWM2_CH2_M2,,
GND,14,,,,,,,,,,,,,,,,
MIPI_CAM3_PDN_3V3,15,GPIO4_A6,,SAI4_LRCK_M0,PDM1_CLK0_M1,FLEXBUS0_D14_M1,,,,,SPI3_MISO_M2,UART6_RX_M0,I2C4_SDA_M1,,CAN0_RX_M2,,
SSTX1P_DP_TX_D1P,16,USB3_OTG0_SSTX1P,DP_TX_D1P,,,,,,,,,,,,,,
MIPI_CAM3_RST_3V3,17,GPIO4_A4,,SAI4_SCLK_M0,PDM1_SDI3_M1,FLEXBUS0_D13_M1,,,,,SPI3_MOSI_M2,UART6_TX_M0,I2C4_SCL_M1,,CAN0_TX_M2,,
SSTX1N_DP_TX_D1N,18,USB3_OTG0_SSTX1N,DP_TX_D1N,,,,,,,,,,,,,,
SAI1_LRCK_M0,19,GPIO4_A5,SAI1_LRCK_M0,,,FLEXBUS1_D12_M1,,,,,SPI4_CSN1_M2,UART5_CTSN_M1,I2C2_SDA_M2,PCIE1_CLKREQN_M2,,,
GND,20,,,,,,,,,,,,,,,,
GND,21,,,,,,,,,,,,,,,,
SSRX2P_DP_TX_D2P,22,USB3_OTG0_SSRX2P,DP_TX_D2P,,,,,,,,,,,,,,
SAI1_MCLK_M0,23,GPIO4_A2,SAI1_MCLK_M0,SAI4_MCLK_M0,AUPLL_CLK_IN_M2,,,,,,,,,,PWM2_CH5_M0,,
SSRX2N_DP_TX_D2N,24,USB3_OTG0_SSRX2N,DP_TX_D2N,,,,,,,,,,,,,,
SAI1_SCLK_M0,25,GPIO4_A3,SAI1_SCLK_M0,,,FLEXBUS1_CSN_M4,,,,,SPI3_CSN0_M2,UART5_RTSN_M1,I2C2_SCL_M2,,PWM2_CH4_M1,,
GND,26,,,,,,,,,,,,,,,,
SAI1_SDI0_M0,27,GPIO4_B3,SAI1_SDI0_M0,SAI4_SDO_M0,PDM1_SDI0_M1,,,,,,SPI4_CSN0_M2,SPI3_CSN1_M2,,,PWM2_CH7_M0,,
SSTX2P_DP_TX_D3P,28,USB3_OTG0_SSTX2P,DP_TX_D3P,,,,,,,,,,,,,,
SAI1_SDO0_M0,29,GPIO4_A7,SAI1_SDO0_M0,SAI4_SDI_M0,,,,,,,SPI3_CLK_M2,,,,PWM2_CH6_M0,,
SSTX2N_DP_TX_D3N,30,USB3_OTG0_SSTX2N,DP_TX_D3N,,,,,,,,,,,,,,
GND,31,,,,,,,,,,,,,,,,
GND,32,,,,,,,,,,,,,,,,
USB_PWR_EN,33,GPIO0_D3,SAI0_SDI3_M1,SAI0_SDO1_M1,PDM0_SDI3_M0,,,,,,I2C4_SDA_M0,,GPU_AVS,PWM2_CH0_M0,UART1_RTSN_M0,,
PCIE1_CLKREQN_M0,34,GPIO2_B3,VI_CIF_D10,SDMMC1_CLK_M1,ETH0_TXCLK_M1,SAI0_SDO2_M0,PDM0_CLK1_M3,,,,UART1_RTSN_M1,SPI4_CLK_M3,PCIE1_CLKREQN_M0,,,,
USBCC_INT_L,35,GPIO2_C7,,ETH1_TXD1_M0,,SAI4_LRCK_M3,,,,,UART4_RTSN_M0,,I2C5_SDA_M2,,PWM0_CH1_M2,,
PCIE1_PERSTN,36,GPIO4_C4,ISP_PRELIGHT_TRIG_M1,SAI4_LRCK_M2,,,,,,,,DP_HPDIN_M0,I2C3_SCL_M3,SPI4_CSN0_M0,UART6_TX_M3,PWM2_CH6_M1,
PCIE0_WAKEN_M0,37,GPIO0_C3,,,PDM0_CLK1_M0,,,,,,HDMI_TX_CEC_M1,,SPI0_CSN1_M0,PWM0_CH1_M0,,,
GND,38,,,,,,,,,,,,,,,,
CAM_GPIO,39,GPIO2_D1,,ETH1_RXD0_M0,,SAI4_SDO_M3,,,,,UART4_RX_M0,,I2C6_SDA_M2,,PWM2_CH1_M2,,
PCIE1_REFCLKP,40,PCIE1_REFCLKP,,,,,,,,,,,,,,,
GND,41,,,,,,,,,,,,,,,,
PCIE1_REFCLKN,42,PCIE1_REFCLKN,,,,,,,,,,,,,,,
I2C3_SCL_M0_AUDIO,43,GPIO4_B5,SPDIF_TX0_M0,,,FLEXBUS0_D15_M1,,,,,,UART2_TX_M1,I2C3_SCL_M0,PCIE0_CLKREQN_M2,CAN1_TX_M2,,
GND,44,,,,,,,,,,,,,,,,
I2C3_SDA_M0_AUDIO,45,GPIO4_B4,SPDIF_RX0_M0,,,FLEXBUS0_CSN_M4,,,,,,UART2_RX_M1,I2C3_SDA_M0,,CAN1_RX_M2,,
USB20_1DP,46,,,,,,,,,,,,,,,,
GND,47,,,,,,,,,,,,,,,,
USB20_1DM,48,,,,,,,,,,,,,,,,
SARADC_VIN7_1V8,49,SARADC_IN7,,,,,,,,,,,,,,,
GND,50,,,,,,,,,,,,,,,,
SARADC_VIN3_HP_HOOK_1V8,51,SARADC_IN3,,,,,,,,,,,,,,,
PCIE1_TXP/USB3_OTG1_SSTXP,52,PCIE1_TXP,SATA1_TXP,USB3_OTG1_SSTXP,,,,,,,,,,,,,
SARADC_VIN6_1V8,53,SARADC_IN5,,,,,,,,,,,,,,,
PCIE1_TXN/USB3_OTG1_SSTXN,54,PCIE1_TXN,SATA1_TXN,USB3_OTG1_SSTXN,,,,,,,,,,,,,
GND,55,,,,,,,,,,,,,,,,
GND,56,,,,,,,,,,,,,,,,
REF_CLK0_OUT_1V8,57,GPIO0_A0,REF_CLK0_OUT,,AUPLL_CLK_IN_M0,,,,,,,,,,,,
PCIE1_RXP/USB3_OTG1_SSRXP,58,PCIE1_RXP,SATA1_RXP,USB3_OTG1_SSRXP,,,,,,,,,,,,,
MIPI_CSI3_CAM_CLKOUT_1V8,59,GPIO4_A1,VO_POST_EMPTY,SPDIF_TX0_M1,CAM_CLK2_OUT_M0,SAI4_SDO_M1,DSMC_INT2,FLEXBUS0_D14_M0,FLEXBUS1_D13_M0,FLEXBUS0_CSN_M1,UART3_RX_M1,,I2C7_SDA_M2,,,,
PCIE1_RXN/USB3_OTG1_SSRXN,60,PCIE1_RXN,SATA1_RXN,USB3_OTG1_SSRXN,,,,,,,,,,,,,
GND,61,,,,,,,,,,,,,,,,
GND,62,,,,,,,,,,,,,,,,
MIPI_CSI0_CAM_CLKOUT_1V8,63,GPIO3_D7,VO_LCDC_CLK,VO_EBC_SDOE,CAM_CLK0_OUT_M0,SAI4_SCLK_M1,DSMC_RESETN,FLEXBUS0_D15_M0,FLEXBUS1_D12_M0,FLEXBUS1_CSN_M1,UART5_RTSN_M0,SPI3_CSN1_M1,,PWM2_CH7_M3,,,
USB20_2DP,64,,,,,,,,,,,,,,,,
MIPI_CSI1_CAM_CLKOUT_1V8,65,GPIO4_A0,,SPDIF_RX0_M1,CAM_CLK1_OUT_M0,SAI4_LRCK_M1,DSMC_INT0,FLEXBUS0_D13_M0,FLEXBUS1_D14_M0,FLEXBUS1_CSN_M3,UART3_TX_M1,SPI1_CSN1_M2,I2C7_SCL_M2,MIPI_TE_M2,,,
USB20_2DM,66,,,,,,,,,,,,,,,,
GND,67,,,,,,,,,,,,,,,,
GND,68,,,,,,,,,,,,,,,,
VDDA_1V2_S0,69,,,,,,,,,,,,,,,,
USB20_3DP,70,,,,,,,,,,,,,,,,
GND,71,,,,,,,,,,,,,,,,
USB20_3DM,72,,,,,,,,,,,,,,,,
VCC_1V8_S3,73,,,,,,,,,,,,,,,,
GND,74,,,,,,,,,,,,,,,,
GND,75,,,,,,,,,,,,,,,,
PCIE0_PWREN_H,76,GPIO2_D3,,ETH1_RXCTL_M0,,,,,,,UART6_RX_M1,,,I3C1_SDA_M0,PWM2_CH3_M2,,
UFS_TX_D0P,77,UFS_TX_D0P,,,,,,,,,,,,,,,
LCD_LIGHT_EN,78,,,,,,,,,,,,,,,,
UFS_TX_D0N,79,UFS_TX_D0N,,,,,,,,,,,,,,,
LCD_RESET,80,,,,,,,,,,,,,,,,
UFS_RX_D0P,81,UFS_RX_D0P,,,,,,,,,,,,,,,
TP_DET,82,GPIO2_A7,VI_CIF_D14,SDMMC1_D1_M1,ETH0_TXCTL_M1,SAI0_SDO1_M0,,,,,UART8_RX_M1,,I2C4_SDA_M2,,,,
UFS_RX_D0N,83,UFS_RX_D0N,,,,,,,,,,,,,,,
FAN-PWM,84,GPIO4_C5,ISP_FLASH_TRIGOUT_M1,SAI4_SDO_M2,VP0_SYNC_OUT,,,,,,,SATA1_ACTLED_M1,I2C3_SDA_M3,SPI4_MOSI_M0,UART6_RX_M3,PWM2_CH5_M1,
UFS_TX_D1P,85,UFS_TX_D1P,,,,,,,,,,,,,,,
HP_DET_L,86,GPIO2_B1,VI_CIF_D12,SDMMC1_D3_M1,ETH0_TXD0_M1,SAI0_SDI1_M0,PDM0_SDI2_M3,,,,UART1_RX_M1,,,,,,
UFS_TX_D1N,87,UFS_TX_D1N,,,,,,,,,,,,,,,
TP_INT_L,88,GPIO2_D5,ISP_FLASH_TRIGOUT_M0,ETH1_MDIO_M0,,,,,,,UART6_CTSN_M1,,I2C9_SCL_M2,,PWM2_CH5_M2,,
UFS_RX_D1P,89,UFS_RX_D1P,,,,,,,,,,,,,,,
TP_RST_L,90,GPIO0_D1,SAI0_SDI1_M1,SAI0_SDO3_M1,PDM0_SDI1_M0,,,,,,,,SPI0_MISO_M0,,,,
UFS_RX_D1N,91,UFS_RX_D1N,,,,,,,,,,,,,,,
CM4_PWR_TEST,92,,,,,,,,,,,,,,,,
UFS_REFCLK,93,GPIO4_D1,UFS_REFCLK,,,,,,,,,,,,,,
LCD_PWM,94,GPIO0_B5,REF_CLK2_OUT,,,,,,,,I2C1_SDA_M1,UART4_RX_M2,,PWM1_CH1_M0,,,
UFS_RSTN,95,GPIO4_D0,UFS_RSTN,,,,,,,,,,,,,,
SPK_CTL_H,96,GPIO2_C6,,ETH1_TXD0_M0,,SAI4_SCLK_M3,,,,,UART4_CTSN_M0,,I2C5_SCL_M2,,PWM1_CH5_M2,,
UFS_FSPI_PLUG,97,,,,,,,,,,,,,,,,
USB2_OTG0_VBUSDET,98,USB2_OTG0_VBUSDET,,,,,,,,,,,,,,,
GND,99,,,,,,,,,,,,,,,,
GND,100,,,,,,,,,,,,,,,,
