net,signal_name,kind,domain,direction,source,destination,default_state,pull,diff_pair,cross_domain,isolation,layout_rule,esd,endpoint_count,boards,endpoints,note
GND,GND,power,0V,source->loads,source,loads,0V,none / TBD,no,no,not a power-domain crossing,wide/short copper; local decoupling; current-sense Kelvin where named,no / TBD,67,EVT Debug Tail; Front Sensor Board; L-Temple AON/Power Board; R-Temple Compute Board; Temple Rears (batt/spkr/ant),U1.GND=RK3576; U2.GND=RK806S-5; U3.GND=LPDDR4X 4GB (MPN TBD); U4.GND=eMMC 5.1 32GB (MPN TBD); Y1.GND=24 MHz 10 ppm XTAL; U5.GND=MX25U6432F; U6.GND=TPS61088; U11.GND=FCU760KAAMD; U12.GND=TPS62825; U13.GND=TPS22917DBVR; C1.B=47uF 6.3V X5R; RT3.B=10k NTC B=3435; U7.GND=nRF54L15-QFN48; U8.GND=nPM1300; U9.GND=NDP120; U10.GND=BMI270; J6.GND=BLE 2.4 GHz FPC/PCB ant; J7.GND=Wi-Fi 2.4/5 GHz FPC ant; U14.GND=IMX415-AAQR module (custom FPC); U15.GND=TPS62840; U16.GND=TLV75529PDRVR; U17.GND=TPS22917DBVR; U18.GND=TPD4E05U06; U19.GND=TPD4E05U06; MK1.GND=T5837 (wake mic); MK2.GND=T5837 (array mic 1); MK3.GND=T5837 (array mic 2); MK4.GND=T5837 (4th mic); U20.GND=MAX98360A; U21.GND=TPS22917DBVR; U22.GND=DRV2605L; R21.B=0R (pack-PCM baseline); Q1.D_PACK=Dual N-MOSFET (b2b); R23.A=2k; RT1.B=10k NTC (R cell); RT2.B=10k NTC (L cell); J1.GND=Magnetic pogo 4-6p; J2.GND=USB-C 16p USB2-only; U24.GND=TPD2E001; R1.B=5.1k 1%; R2.B=5.1k 1%; J3.GND=Hirose FH26W 0.3mm FPC; J4.GND=Custom hinge FPC 6-10mm; J5.GND=U.FL / I-PEX MHF; TP1.GND=UART/SWD pogo pads; SW1.B=Power/PWRKEY; SW2.B=Reset; SW3.B=MaskROM/Recovery; U25.GND=INA238 (I_BAT_TOTAL); U26.GND=INA238 (I_CELL_L); U27.GND=INA238 (I_CELL_R); U28.GND=INA238 (I_SOC_5V); U29.GND=INA238 (I_WIFI); U30.GND=INA238 (I_AUDIO); U31.GND=INA238 (I_CAM_1V1); U32.GND=INA238 (I_CAM_1V8); U33.GND=INA238 (I_CAM_2V9); R11.B=100k; R12.B=100k; R13.B=100k; R14.B=100k; R15.B=100k; R16.B=100k; R17.B=100k; R18.B=100k; R19.B=100k; R20.B=100k,derived from endpoints; verify at the owning gate
VDD_CPU,VDD CPU,power,RK806 rail (TBD),source->loads,RK806S rail,loads,off until owning regulator is enabled,none / TBD,no,no,not a power-domain crossing,wide/short copper; local decoupling; current-sense Kelvin where named,no / TBD,2,R-Temple Compute Board,U1.VDD_CPU=RK3576; U2.VDD_CPU=RK806S-5,derived from endpoints; verify at the owning gate
VDD_GPU,VDD GPU,power,RK806 rail (TBD),source->loads,RK806S rail,loads,off until owning regulator is enabled,none / TBD,no,no,not a power-domain crossing,wide/short copper; local decoupling; current-sense Kelvin where named,no / TBD,2,R-Temple Compute Board,U1.VDD_GPU=RK3576; U2.VDD_GPU=RK806S-5,derived from endpoints; verify at the owning gate
VDD_NPU,VDD NPU,power,RK806 rail (TBD),source->loads,RK806S rail,loads,off until owning regulator is enabled,none / TBD,no,no,not a power-domain crossing,wide/short copper; local decoupling; current-sense Kelvin where named,no / TBD,2,R-Temple Compute Board,U1.VDD_NPU=RK3576; U2.VDD_NPU=RK806S-5,derived from endpoints; verify at the owning gate
VDD_LOGIC,VDD LOGIC,power,RK806 rail (TBD),source->loads,RK806S rail,loads,off until owning regulator is enabled,none / TBD,no,no,not a power-domain crossing,wide/short copper; local decoupling; current-sense Kelvin where named,no / TBD,2,R-Temple Compute Board,U1.VDD_LOGIC=RK3576; U2.VDD_LOGIC=RK806S-5,derived from endpoints; verify at the owning gate
VDD_DDR,VDD DDR,power,RK806 rail (TBD),source->loads,RK806S rail,loads,off until owning regulator is enabled,none / TBD,no,no,not a power-domain crossing,wide/short copper; local decoupling; current-sense Kelvin where named,no / TBD,3,R-Temple Compute Board,U1.VDD_DDR=RK3576; U2.VDD_DDR=RK806S-5; U3.VDD_DDR=LPDDR4X 4GB (MPN TBD),derived from endpoints; verify at the owning gate
VCC_DDRIO,VCC DDRIO,power,1.8V,source->loads,RK806S rail,loads,off until owning regulator is enabled,none / TBD,no,no,not a power-domain crossing,wide/short copper; local decoupling; current-sense Kelvin where named,no / TBD,3,R-Temple Compute Board,U1.VCC_DDRIO=RK3576; U2.VCC_DDRIO=RK806S-5; U3.VDDQ=LPDDR4X 4GB (MPN TBD),derived from endpoints; verify at the owning gate
VCCIO_1V8,VCCIO 1V8,power,1.8V,source->loads,RK806S rail,loads,off until owning regulator is enabled,none / TBD,no,no,not a power-domain crossing,wide/short copper; local decoupling; current-sense Kelvin where named,no / TBD,6,R-Temple Compute Board,U1.VCCIO_1V8=RK3576; U2.VCCIO_1V8=RK806S-5; U4.VCCQ=eMMC 5.1 32GB (MPN TBD); U5.VCC=MX25U6432F; R9.A=2.2k 1%; R10.A=2.2k 1%,derived from endpoints; verify at the owning gate
VCC_3V3,VCC 3V3,power,3.3V,source->loads,RK806S rail,loads,off until owning regulator is enabled,none / TBD,no,no,not a power-domain crossing,wide/short copper; local decoupling; current-sense Kelvin where named,no / TBD,3,R-Temple Compute Board,U1.VCC_3V3=RK3576; U2.VCC_3V3=RK806S-5; U4.VCC=eMMC 5.1 32GB (MPN TBD),derived from endpoints; verify at the owning gate
SOC_XIN,SOC XIN,signal,TBD,see endpoints,U1.XIN (R-Temple Compute Board),Y1.XIN (R-Temple Compute Board),TBD at pinmux freeze,none / TBD,no,no,not a power-domain crossing,standard layout; verify at pinmux/placement,no / TBD,2,R-Temple Compute Board,U1.XIN=RK3576; Y1.XIN=24 MHz 10 ppm XTAL,derived from endpoints; verify at the owning gate
SOC_XOUT,SOC XOUT,signal,TBD,see endpoints,U1.XOUT (R-Temple Compute Board),Y1.XOUT (R-Temple Compute Board),TBD at pinmux freeze,none / TBD,no,no,not a power-domain crossing,standard layout; verify at pinmux/placement,no / TBD,2,R-Temple Compute Board,U1.XOUT=RK3576; Y1.XOUT=24 MHz 10 ppm XTAL,derived from endpoints; verify at the owning gate
PMIC_SLEEP,PMIC SLEEP,control,1.8V unless final pinmux says otherwise,see endpoints,U1.PMIC_SLEEP (R-Temple Compute Board),U2.SLEEP (R-Temple Compute Board),TBD at pinmux freeze,none / TBD,no,no,not a power-domain crossing,keep away from SW nodes; verify default pull before MCU boot,no / TBD,2,R-Temple Compute Board,U1.PMIC_SLEEP=RK3576; U2.SLEEP=RK806S-5,derived from endpoints; verify at the owning gate
SOC_SHUTDOWN_REQ,Linux shutdown request handshake,control,1.8V,nRF->RK3576,nRF,RK3576,low,none / TBD,no,yes,required: default-safe pull + leakage/reverse-feed check,keep away from SW nodes; verify default pull before MCU boot,no / TBD,3,L-Temple AON/Power Board; R-Temple Compute Board; Temple Rears (batt/spkr/ant),U1.SHUTDOWN_REQ=RK3576; U7.SOC_SHDN_REQ=nRF54L15-QFN48; J4.SOC_SHDN_REQ=Custom hinge FPC 6-10mm,request Linux shutdown
SOC_SAFE_TO_OFF,Linux safe-to-remove-power handshake,control,1.8V,RK3576->nRF,RK3576,nRF,low,none / TBD,no,yes,required: default-safe pull + leakage/reverse-feed check,keep away from SW nodes; verify default pull before MCU boot,no / TBD,3,L-Temple AON/Power Board; R-Temple Compute Board; Temple Rears (batt/spkr/ant),U1.SAFE_TO_OFF=RK3576; U7.SOC_SAFE_OFF=nRF54L15-QFN48; J4.SOC_SAFE_OFF=Custom hinge FPC 6-10mm,"synced, safe to cut SOC_5V"
SOC_ALIVE,RK3576 liveness heartbeat,control,1.8V,RK3576->nRF,RK3576,nRF,low,none / TBD,no,yes,required: default-safe pull + leakage/reverse-feed check,keep away from SW nodes; verify default pull before MCU boot,no / TBD,3,L-Temple AON/Power Board; R-Temple Compute Board; Temple Rears (batt/spkr/ant),U1.ALIVE=RK3576; U7.SOC_ALIVE=nRF54L15-QFN48; J4.SOC_ALIVE=Custom hinge FPC 6-10mm,liveness
SOC_FAULT,RK3576 fault indication,control,1.8V,RK3576->nRF,RK3576,nRF,low,none / TBD,no,yes,required: default-safe pull + leakage/reverse-feed check,keep away from SW nodes; verify default pull before MCU boot,no / TBD,3,L-Temple AON/Power Board; R-Temple Compute Board; Temple Rears (batt/spkr/ant),U1.FAULT=RK3576; U7.SOC_FAULT=nRF54L15-QFN48; J4.SOC_FAULT=Custom hinge FPC 6-10mm,fault
AON_UART_TX,AON UART TX,bus,1.8V,nRF->RK3576,nRF,RK3576,idle high,none / TBD,no,yes,required: default-safe pull + leakage/reverse-feed check,standard layout; verify at pinmux/placement,no / TBD,3,L-Temple AON/Power Board; R-Temple Compute Board; Temple Rears (batt/spkr/ant),U1.AON_UART_RX=RK3576; U7.AON_UART_TX=nRF54L15-QFN48; J4.AON_UART_TX=Custom hinge FPC 6-10mm,series 0R/33R + reverse-feed check when SoC off
AON_UART_RX,AON UART RX,bus,1.8V,RK3576->nRF,RK3576,nRF,idle high,none / TBD,no,yes,required: default-safe pull + leakage/reverse-feed check,standard layout; verify at pinmux/placement,no / TBD,3,L-Temple AON/Power Board; R-Temple Compute Board; Temple Rears (batt/spkr/ant),U1.AON_UART_TX=RK3576; U7.AON_UART_RX=nRF54L15-QFN48; J4.AON_UART_RX=Custom hinge FPC 6-10mm,derived from endpoints; verify at the owning gate
DDR_BUS,DDR BUS,bus,1.8V unless final pinmux says otherwise,see endpoints,U1.DDR_BUS (R-Temple Compute Board),U3.DDR_BUS (R-Temple Compute Board),TBD at pinmux freeze,none / TBD,no,no,not a power-domain crossing,standard layout; verify at pinmux/placement,no / TBD,2,R-Temple Compute Board,U1.DDR_BUS=RK3576; U3.DDR_BUS=LPDDR4X 4GB (MPN TBD),derived from endpoints; verify at the owning gate
EMMC_BUS,EMMC BUS,bus,1.8V unless final pinmux says otherwise,see endpoints,U1.EMMC_BUS (R-Temple Compute Board),U4.EMMC_BUS (R-Temple Compute Board),TBD at pinmux freeze,none / TBD,no,no,not a power-domain crossing,standard layout; verify at pinmux/placement,no / TBD,2,R-Temple Compute Board,U1.EMMC_BUS=RK3576; U4.EMMC_BUS=eMMC 5.1 32GB (MPN TBD),derived from endpoints; verify at the owning gate
FSPI_BUS,FSPI BUS,bus,1.8V unless final pinmux says otherwise,see endpoints,U1.FSPI_BUS (R-Temple Compute Board),U5.FSPI_BUS (R-Temple Compute Board),TBD at pinmux freeze,none / TBD,no,no,not a power-domain crossing,standard layout; verify at pinmux/placement,no / TBD,2,R-Temple Compute Board,U1.FSPI_BUS=RK3576; U5.FSPI_BUS=MX25U6432F,derived from endpoints; verify at the owning gate
CSI_CLK_P,CSI CLK P,diff,1.2V,camera->RK3576,camera,RK3576,hi-Z,none / TBD,CSI_CLK_N,yes,required: default-safe pull + leakage/reverse-feed check,"100 ohm diff, length match, continuous ground, no stubs, ESD at FPC","yes, low-cap at FPC entry (U18/U19)",4,Front Sensor Board; R-Temple Compute Board,U1.CSI_CLK_P=RK3576; U14.CSI_CLK_P=IMX415-AAQR module (custom FPC); U18.CLK_P=TPD4E05U06; J3.CSI_CLK_P=Hirose FH26W 0.3mm FPC,"MIPI 100R diff, ultra-low-cap ESD, no stub"
CSI_CLK_N,CSI CLK N,diff,1.2V,camera->RK3576,camera,RK3576,hi-Z,none / TBD,CSI_CLK_P,yes,required: default-safe pull + leakage/reverse-feed check,"100 ohm diff, length match, continuous ground, no stubs, ESD at FPC","yes, low-cap at FPC entry (U18/U19)",4,Front Sensor Board; R-Temple Compute Board,U1.CSI_CLK_N=RK3576; U14.CSI_CLK_N=IMX415-AAQR module (custom FPC); U18.CLK_N=TPD4E05U06; J3.CSI_CLK_N=Hirose FH26W 0.3mm FPC,MIPI 100R diff
CSI_D0_P,CSI D0 P,diff,1.2V,camera->RK3576,camera,RK3576,hi-Z,none / TBD,CSI_D0_N,yes,required: default-safe pull + leakage/reverse-feed check,"100 ohm diff, length match, continuous ground, no stubs, ESD at FPC","yes, low-cap at FPC entry (U18/U19)",4,Front Sensor Board; R-Temple Compute Board,U1.CSI_D0_P=RK3576; U14.CSI_D0_P=IMX415-AAQR module (custom FPC); U18.D0_P=TPD4E05U06; J3.CSI_D0_P=Hirose FH26W 0.3mm FPC,MIPI 100R diff
CSI_D0_N,CSI D0 N,diff,MIPI D-PHY,camera->RK3576,camera,RK3576,hi-Z when source domain is off,none / TBD,CSI_D0_P,yes,required: default-safe pull + leakage/reverse-feed check,"100 ohm diff, length match, continuous ground, no stubs, ESD at FPC","yes, low-cap at FPC entry (U18/U19)",4,Front Sensor Board; R-Temple Compute Board,U1.CSI_D0_N=RK3576; U14.CSI_D0_N=IMX415-AAQR module (custom FPC); U18.D0_N=TPD4E05U06; J3.CSI_D0_N=Hirose FH26W 0.3mm FPC,derived from endpoints; verify at the owning gate
CSI_D1_P,CSI D1 P,diff,1.2V,camera->RK3576,camera,RK3576,hi-Z,none / TBD,CSI_D1_N,yes,required: default-safe pull + leakage/reverse-feed check,"100 ohm diff, length match, continuous ground, no stubs, ESD at FPC","yes, low-cap at FPC entry (U18/U19)",4,Front Sensor Board; R-Temple Compute Board,U1.CSI_D1_P=RK3576; U14.CSI_D1_P=IMX415-AAQR module (custom FPC); U19.D1_P=TPD4E05U06; J3.CSI_D1_P=Hirose FH26W 0.3mm FPC,MIPI 100R diff
CSI_D1_N,CSI D1 N,diff,MIPI D-PHY,camera->RK3576,camera,RK3576,hi-Z when source domain is off,none / TBD,CSI_D1_P,yes,required: default-safe pull + leakage/reverse-feed check,"100 ohm diff, length match, continuous ground, no stubs, ESD at FPC","yes, low-cap at FPC entry (U18/U19)",4,Front Sensor Board; R-Temple Compute Board,U1.CSI_D1_N=RK3576; U14.CSI_D1_N=IMX415-AAQR module (custom FPC); U19.D1_N=TPD4E05U06; J3.CSI_D1_N=Hirose FH26W 0.3mm FPC,derived from endpoints; verify at the owning gate
CAM_I2C_SCL,CAM I2C SCL,bus,1.8V unless final pinmux says otherwise,controller->targets,controller,targets,pulled high,2.2k to CAM_1V8_SW (R5/R6),no,yes,required: default-safe pull + leakage/reverse-feed check,standard layout; verify at pinmux/placement,no / TBD,4,Front Sensor Board; R-Temple Compute Board,U1.CAM_I2C_SCL=RK3576; U14.SCL=IMX415-AAQR module (custom FPC); J3.CAM_I2C_SCL=Hirose FH26W 0.3mm FPC; R5.B=2.2k 1%,derived from endpoints; verify at the owning gate
CAM_I2C_SDA,CAM I2C SDA,bus,1.8V unless final pinmux says otherwise,bidirectional open-drain,U1.CAM_I2C_SDA (R-Temple Compute Board),U14.SDA (Front Sensor Board); J3.CAM_I2C_SDA (Front Sensor Board); R6.B (Front Sensor Board),pulled high,2.2k to CAM_1V8_SW (R5/R6),no,yes,required: default-safe pull + leakage/reverse-feed check,standard layout; verify at pinmux/placement,no / TBD,4,Front Sensor Board; R-Temple Compute Board,U1.CAM_I2C_SDA=RK3576; U14.SDA=IMX415-AAQR module (custom FPC); J3.CAM_I2C_SDA=Hirose FH26W 0.3mm FPC; R6.B=2.2k 1%,derived from endpoints; verify at the owning gate
CAM_RST_L,CAM RST L,control,1.8V,RK3576->cam,RK3576,cam,low (XCLR held),none / TBD,no,yes,required: default-safe pull + leakage/reverse-feed check,keep away from SW nodes; verify default pull before MCU boot,no / TBD,4,Front Sensor Board; R-Temple Compute Board,U1.CAM_RST_L=RK3576; U14.XCLR_L=IMX415-AAQR module (custom FPC); U19.RST=TPD4E05U06; J3.CAM_RST_L=Hirose FH26W 0.3mm FPC,active low; hold low until rails+clock up (§24)
CAM_PWDN_L,CAM PWDN L,control,1.8V,RK3576->cam,RK3576,cam,low,none / TBD,no,yes,required: default-safe pull + leakage/reverse-feed check,keep away from SW nodes; verify default pull before MCU boot,no / TBD,3,Front Sensor Board; R-Temple Compute Board,U1.CAM_PWDN_L=RK3576; U14.PWDN_L=IMX415-AAQR module (custom FPC); J3.CAM_PWDN_L=Hirose FH26W 0.3mm FPC,derived from endpoints; verify at the owning gate
CAM_MCLK,CAM MCLK,control,1.8V,RK3576->cam,RK3576,cam,off,none / TBD,no,yes,required: default-safe pull + leakage/reverse-feed check,keep away from SW nodes; verify default pull before MCU boot,no / TBD,4,Front Sensor Board; R-Temple Compute Board,U1.CAM_MCLK=RK3576; U14.INCK=IMX415-AAQR module (custom FPC); U19.MCLK=TPD4E05U06; J3.CAM_MCLK=Hirose FH26W 0.3mm FPC,INCK; enable only after rails stable (§24)
PDM_ARRAY_CLK,Array-mic PDM clock,bus,AON,RK3576->mic,RK3576,mic,off,none / TBD,no,yes,required: default-safe pull + leakage/reverse-feed check,"short clock, continuous ground; keep out of boost/SW/RF zones",no / TBD,5,Front Sensor Board; R-Temple Compute Board,U1.PDM_ARR_CLK=RK3576; MK2.CLK=T5837 (array mic 1); MK3.CLK=T5837 (array mic 2); MK4.CLK=T5837 (4th mic); J3.PDM_ARR_CLK=Hirose FH26W 0.3mm FPC,array PDM; 0R to select NDP120/RK3576 path
PDM_ARRAY_D0,Array-mic PDM data 0,bus,1.8V unless final pinmux says otherwise,array mics->RK3576,array mics,RK3576,TBD at pinmux freeze,none / TBD,no,yes,required: default-safe pull + leakage/reverse-feed check,"short clock, continuous ground; keep out of boost/SW/RF zones",no / TBD,3,Front Sensor Board; R-Temple Compute Board,U1.PDM_ARR_D0=RK3576; MK2.DATA=T5837 (array mic 1); J3.PDM_ARR_D0=Hirose FH26W 0.3mm FPC,derived from endpoints; verify at the owning gate
PDM_ARRAY_D1,Array-mic PDM data 1,bus,1.8V unless final pinmux says otherwise,array mics->RK3576,array mics,RK3576,TBD at pinmux freeze,none / TBD,no,yes,required: default-safe pull + leakage/reverse-feed check,"short clock, continuous ground; keep out of boost/SW/RF zones",no / TBD,4,Front Sensor Board; R-Temple Compute Board,U1.PDM_ARR_D1=RK3576; MK3.DATA=T5837 (array mic 2); MK4.DATA=T5837 (4th mic); J3.PDM_ARR_D1=Hirose FH26W 0.3mm FPC,derived from endpoints; verify at the owning gate
I2S_BCLK,I2S BCLK,bus,1.8V unless final pinmux says otherwise,RK3576->amp,RK3576,amp,TBD at pinmux freeze,none / TBD,no,no,not a power-domain crossing,standard layout; verify at pinmux/placement,no / TBD,2,R-Temple Compute Board,U1.I2S_BCLK=RK3576; U20.BCLK=MAX98360A,derived from endpoints; verify at the owning gate
I2S_LRCLK,I2S LRCLK,bus,1.8V unless final pinmux says otherwise,RK3576->amp,RK3576,amp,TBD at pinmux freeze,none / TBD,no,no,not a power-domain crossing,standard layout; verify at pinmux/placement,no / TBD,2,R-Temple Compute Board,U1.I2S_LRCLK=RK3576; U20.LRCLK=MAX98360A,derived from endpoints; verify at the owning gate
I2S_DIN,I2S DIN,bus,1.8V unless final pinmux says otherwise,RK3576->amp,RK3576,amp,TBD at pinmux freeze,none / TBD,no,no,not a power-domain crossing,standard layout; verify at pinmux/placement,no / TBD,2,R-Temple Compute Board,U1.I2S_DIN=RK3576; U20.DIN=MAX98360A,derived from endpoints; verify at the owning gate
SOC_NTC,SOC NTC,analog,TBD,see endpoints,U1.SARADC_NTC (R-Temple Compute Board),RT3.A (R-Temple Compute Board),passive / sensed,none / TBD,no,no,not a power-domain crossing,standard layout; verify at pinmux/placement,no / TBD,2,R-Temple Compute Board,U1.SARADC_NTC=RK3576; RT3.A=10k NTC B=3435,derived from endpoints; verify at the owning gate
WIFI_USB_DP,WIFI USB DP,diff,3.3V,bidirectional,U1.USB2_WIFI_DP (R-Temple Compute Board),U11.USB_DP (R-Temple Compute Board),hi-Z,none / TBD,WIFI_USB_DM,no,not a power-domain crossing,"90 ohm diff, pair route, no stubs, continuous ground",module-internal side; add only if HW Design requires,2,R-Temple Compute Board,U1.USB2_WIFI_DP=RK3576; U11.USB_DP=FCU760KAAMD,FCU760K USB2 90R diff (internal)
WIFI_USB_DM,WIFI USB DM,diff,3.3V,bidirectional,U1.USB2_WIFI_DM (R-Temple Compute Board),U11.USB_DM (R-Temple Compute Board),hi-Z,none / TBD,WIFI_USB_DP,no,not a power-domain crossing,"90 ohm diff, pair route, no stubs, continuous ground",module-internal side; add only if HW Design requires,2,R-Temple Compute Board,U1.USB2_WIFI_DM=RK3576; U11.USB_DM=FCU760KAAMD,FCU760K USB2 90R diff (internal)
WIFI_PCM_CLK,WIFI PCM CLK,bus,1.8V unless final pinmux says otherwise,see endpoints,U1.PCM_CLK (R-Temple Compute Board),U11.PCM_CLK (R-Temple Compute Board),TBD at pinmux freeze,none / TBD,no,no,not a power-domain crossing,standard layout; verify at pinmux/placement,no / TBD,2,R-Temple Compute Board,U1.PCM_CLK=RK3576; U11.PCM_CLK=FCU760KAAMD,derived from endpoints; verify at the owning gate
WIFI_PCM_SYNC,WIFI PCM SYNC,bus,1.8V unless final pinmux says otherwise,see endpoints,U1.PCM_SYNC (R-Temple Compute Board),U11.PCM_SYNC (R-Temple Compute Board),TBD at pinmux freeze,none / TBD,no,no,not a power-domain crossing,standard layout; verify at pinmux/placement,no / TBD,2,R-Temple Compute Board,U1.PCM_SYNC=RK3576; U11.PCM_SYNC=FCU760KAAMD,derived from endpoints; verify at the owning gate
WIFI_PCM_DIN,WIFI PCM DIN,bus,1.8V unless final pinmux says otherwise,see endpoints,U1.PCM_DIN (R-Temple Compute Board),U11.PCM_OUT (R-Temple Compute Board),TBD at pinmux freeze,none / TBD,no,no,not a power-domain crossing,standard layout; verify at pinmux/placement,no / TBD,2,R-Temple Compute Board,U1.PCM_DIN=RK3576; U11.PCM_OUT=FCU760KAAMD,derived from endpoints; verify at the owning gate
WIFI_PCM_DOUT,WIFI PCM DOUT,bus,1.8V unless final pinmux says otherwise,see endpoints,U1.PCM_DOUT (R-Temple Compute Board),U11.PCM_IN (R-Temple Compute Board),TBD at pinmux freeze,none / TBD,no,no,not a power-domain crossing,standard layout; verify at pinmux/placement,no / TBD,2,R-Temple Compute Board,U1.PCM_DOUT=RK3576; U11.PCM_IN=FCU760KAAMD,derived from endpoints; verify at the owning gate
WIFI_WAKE_L,WIFI WAKE L,control,1.8V unless final pinmux says otherwise,see endpoints,U1.WIFI_WAKE_L (R-Temple Compute Board),U11.WAKE (R-Temple Compute Board),TBD at pinmux freeze,none / TBD,no,no,not a power-domain crossing,keep away from SW nodes; verify default pull before MCU boot,no / TBD,2,R-Temple Compute Board,U1.WIFI_WAKE_L=RK3576; U11.WAKE=FCU760KAAMD,derived from endpoints; verify at the owning gate
USB2_DP,USB2 DP,diff,3.3V,bidirectional,U1.USB2_DP (R-Temple Compute Board),J1.DP (Temple Rears (batt/spkr/ant)); J2.DP (EVT Debug Tail); U24.DP (EVT Debug Tail),hi-Z,none / TBD,USB2_DM,yes,required: default-safe pull + leakage/reverse-feed check,"90 ohm diff, pair route, no stubs, continuous ground","yes, low-cap at connector (U24)",4,EVT Debug Tail; R-Temple Compute Board; Temple Rears (batt/spkr/ant),U1.USB2_DP=RK3576; J1.DP=Magnetic pogo 4-6p; J2.DP=USB-C 16p USB2-only; U24.DP=TPD2E001,"USB2 90R diff, ESD at connector"
USB2_DM,USB2 DM,diff,3.3V,bidirectional,U1.USB2_DM (R-Temple Compute Board),J1.DM (Temple Rears (batt/spkr/ant)); J2.DM (EVT Debug Tail); U24.DM (EVT Debug Tail),hi-Z,none / TBD,USB2_DP,yes,required: default-safe pull + leakage/reverse-feed check,"90 ohm diff, pair route, no stubs, continuous ground","yes, low-cap at connector (U24)",4,EVT Debug Tail; R-Temple Compute Board; Temple Rears (batt/spkr/ant),U1.USB2_DM=RK3576; J1.DM=Magnetic pogo 4-6p; J2.DM=USB-C 16p USB2-only; U24.DM=TPD2E001,USB2 90R diff
SOC_DBG_TX,SOC DBG TX,signal,TBD,see endpoints,U1.DBG_UART_TX (R-Temple Compute Board),TP1.SOC_TX (EVT Debug Tail),TBD at pinmux freeze,none / TBD,no,no,not a power-domain crossing,standard layout; verify at pinmux/placement,no / TBD,2,EVT Debug Tail; R-Temple Compute Board,U1.DBG_UART_TX=RK3576; TP1.SOC_TX=UART/SWD pogo pads,derived from endpoints; verify at the owning gate
SOC_DBG_RX,SOC DBG RX,signal,TBD,see endpoints,U1.DBG_UART_RX (R-Temple Compute Board),TP1.SOC_RX (EVT Debug Tail),TBD at pinmux freeze,none / TBD,no,no,not a power-domain crossing,standard layout; verify at pinmux/placement,no / TBD,2,EVT Debug Tail; R-Temple Compute Board,U1.DBG_UART_RX=RK3576; TP1.SOC_RX=UART/SWD pogo pads,derived from endpoints; verify at the owning gate
SOC_MASKROM_L,SOC MASKROM L,control,1.8V unless final pinmux says otherwise,see endpoints,U1.MASKROM_n (R-Temple Compute Board),SW3.A (EVT Debug Tail),low or pulled to safe state until firmware owns it,none / TBD,no,yes,required: default-safe pull + leakage/reverse-feed check,keep away from SW nodes; verify default pull before MCU boot,no / TBD,2,EVT Debug Tail; R-Temple Compute Board,U1.MASKROM_n=RK3576; SW3.A=MaskROM/Recovery,derived from endpoints; verify at the owning gate
SOC_RESET_L,"RK3576 reset, active low",control,1.8V,nRF/btn->RK3576,nRF/btn,RK3576,low (reset),none / TBD,no,yes,required: default-safe pull + leakage/reverse-feed check,keep away from SW nodes; verify default pull before MCU boot,no / TBD,3,EVT Debug Tail; R-Temple Compute Board,U1.RESET_n=RK3576; U2.RESET_n=RK806S-5; SW2.A=Reset,active low
SOC_PWRKEY,SOC PWRKEY,control,1.8V unless final pinmux says otherwise,see endpoints,U1.PWRKEY (R-Temple Compute Board),SW1.A (EVT Debug Tail),TBD at pinmux freeze,none / TBD,no,yes,required: default-safe pull + leakage/reverse-feed check,keep away from SW nodes; verify default pull before MCU boot,no / TBD,2,EVT Debug Tail; R-Temple Compute Board,U1.PWRKEY=RK3576; SW1.A=Power/PWRKEY,derived from endpoints; verify at the owning gate
SOC_5V,SOC 5V,power,5V,source->loads,TPS61088 boost output,loads,off,none / TBD,no,no,not a power-domain crossing,wide/short copper; local decoupling; current-sense Kelvin where named,no / TBD,2,R-Temple Compute Board,U2.VIN=RK806S-5; U6.VOUT=TPS61088,"TPS61088 boost, gated"
PMIC_PWRON,RK806 PMIC power-on request,control,1.8V,nRF->RK806,nRF,RK806,low (OFF),100k pulldown (R11-R20),no,yes,required: default-safe pull + leakage/reverse-feed check,keep away from SW nodes; verify default pull before MCU boot,no / TBD,4,L-Temple AON/Power Board; R-Temple Compute Board; Temple Rears (batt/spkr/ant),U2.PWRON=RK806S-5; U7.PMIC_PWRON=nRF54L15-QFN48; J4.PMIC_PWRON=Custom hinge FPC 6-10mm; R12.A=100k,100k pulldown; into SoC domain
SOC_PMIC_SCL,SOC PMIC SCL,signal,TBD,controller->targets,controller,targets,TBD at pinmux freeze,2.2k to VCCIO_1V8 (R9/R10),no,no,not a power-domain crossing,standard layout; verify at pinmux/placement,no / TBD,2,R-Temple Compute Board,U2.I2C_SCL=RK806S-5; R9.B=2.2k 1%,derived from endpoints; verify at the owning gate
SOC_PMIC_SDA,SOC PMIC SDA,signal,TBD,bidirectional open-drain,U2.I2C_SDA (R-Temple Compute Board),R10.B (R-Temple Compute Board),TBD at pinmux freeze,2.2k to VCCIO_1V8 (R9/R10),no,no,not a power-domain crossing,standard layout; verify at pinmux/placement,no / TBD,2,R-Temple Compute Board,U2.I2C_SDA=RK806S-5; R10.B=2.2k 1%,derived from endpoints; verify at the owning gate
SOC_IN,SOC IN,power,Vbat,source->loads,RS4 from VSYS,loads,off until owning regulator is enabled,none / TBD,no,no,not a power-domain crossing,wide/short copper; local decoupling; current-sense Kelvin where named,no / TBD,4,R-Temple Compute Board,U6.VIN=TPS61088; L1.A=Boost inductor (TBD); RS4.B=10 mohm 1%; U28.IN_N=INA238 (I_SOC_5V),derived from endpoints; verify at the owning gate
SOC_BOOST_SW,SOC BOOST SW,signal,TBD,see endpoints,U6.SW (R-Temple Compute Board),L1.B (R-Temple Compute Board),TBD at pinmux freeze,none / TBD,no,no,not a power-domain crossing,standard layout; verify at pinmux/placement,no / TBD,2,R-Temple Compute Board,U6.SW=TPS61088; L1.B=Boost inductor (TBD),derived from endpoints; verify at the owning gate
SOC_PWR_EN,"SoC 5V boost enable, active high",control,1.8V,nRF->boost,nRF,boost,low (OFF),100k pulldown (R11-R20),no,yes,required: default-safe pull + leakage/reverse-feed check,keep away from SW nodes; verify default pull before MCU boot,no / TBD,4,L-Temple AON/Power Board; R-Temple Compute Board; Temple Rears (batt/spkr/ant),U6.EN=TPS61088; U7.SOC_PWR_EN=nRF54L15-QFN48; J4.SOC_PWR_EN=Custom hinge FPC 6-10mm; R11.A=100k,100k pulldown
SOC_5V_PGOOD,"SoC 5V boost power-good, active high",control,1.8V,boost->nRF,boost,nRF,low,none / TBD,no,yes,required: default-safe pull + leakage/reverse-feed check,keep away from SW nodes; verify default pull before MCU boot,no / TBD,3,L-Temple AON/Power Board; R-Temple Compute Board; Temple Rears (batt/spkr/ant),U6.PG=TPS61088; U7.SOC_5V_PGOOD=nRF54L15-QFN48; J4.SOC_5V_PGOOD=Custom hinge FPC 6-10mm,power-good in
WIFI_VBAT_3V3,WIFI VBAT 3V3,power,3.3V,source->loads,TPS22917 Wi-Fi load-switch output,loads,off,none / TBD,no,no,not a power-domain crossing,wide/short copper; local decoupling; current-sense Kelvin where named,no / TBD,3,R-Temple Compute Board,U11.VBAT=FCU760KAAMD; U13.VOUT=TPS22917DBVR; C1.A=47uF 6.3V X5R,"FCU760K VBAT, load-switched"
WIFI_CHIP_EN,"FCU760K chip enable, active high",control,3.3V,nRF->FCU760K,nRF,FCU760K,low (OFF),100k pulldown (R11-R20),no,yes,required: default-safe pull + leakage/reverse-feed check,keep away from SW nodes; verify default pull before MCU boot,no / TBD,3,L-Temple AON/Power Board; R-Temple Compute Board,U11.CHIP_EN=FCU760KAAMD; U7.WIFI_CHIP_EN=nRF54L15-QFN48; R18.A=100k,100k pulldown; module off default (pack §9)
WIFI_ANT,Wi-Fi/BT shared RF antenna feed,analog,RF,see endpoints,U11.ANT_WIFI_BT (R-Temple Compute Board),J7.ANT (Temple Rears (batt/spkr/ant)); J5.SIG (Temple Rears (batt/spkr/ant)),-,none / TBD,no,yes,required: default-safe pull + leakage/reverse-feed check,"50 ohm controlled impedance, pi-match, antenna keep-out",RF-approved only if required,3,R-Temple Compute Board; Temple Rears (batt/spkr/ant),U11.ANT_WIFI_BT=FCU760KAAMD; J7.ANT=Wi-Fi 2.4/5 GHz FPC ant; J5.SIG=U.FL / I-PEX MHF,50R; pi-match; keep-out; away from battery/magnet/hinge
WIFI_IN,WIFI IN,power,Vbat,source->loads,RS5 from VSYS,loads,off until owning regulator is enabled,none / TBD,no,no,not a power-domain crossing,wide/short copper; local decoupling; current-sense Kelvin where named,no / TBD,3,R-Temple Compute Board,U12.VIN=TPS62825; RS5.B=50 mohm 1%; U29.IN_N=INA238 (I_WIFI),derived from endpoints; verify at the owning gate
WIFI_BUCK_SW,WIFI BUCK SW,signal,TBD,see endpoints,U12.SW (R-Temple Compute Board),L2.A (R-Temple Compute Board),TBD at pinmux freeze,none / TBD,no,no,not a power-domain crossing,standard layout; verify at pinmux/placement,no / TBD,2,R-Temple Compute Board,U12.SW=TPS62825; L2.A=Wi-Fi buck inductor (TBD),derived from endpoints; verify at the owning gate
WIFI_BUCK_EN,WIFI BUCK EN,control,1.8V,nRF->buck,nRF,buck,low (OFF),100k pulldown (R11-R20),no,yes,required: default-safe pull + leakage/reverse-feed check,keep away from SW nodes; verify default pull before MCU boot,no / TBD,4,L-Temple AON/Power Board; R-Temple Compute Board; Temple Rears (batt/spkr/ant),U12.EN=TPS62825; U7.WIFI_BUCK_EN=nRF54L15-QFN48; J4.WIFI_BUCK_EN=Custom hinge FPC 6-10mm; R16.A=100k,100k pulldown
WIFI_3V3,WIFI 3V3,power,3.3V,source->loads,TPS62825 output,loads,off,none / TBD,no,no,not a power-domain crossing,wide/short copper; local decoupling; current-sense Kelvin where named,no / TBD,3,R-Temple Compute Board,U12.VOUT=TPS62825; L2.B=Wi-Fi buck inductor (TBD); U13.VIN=TPS22917DBVR,"TPS62825 buck, gated"
WIFI_LS_EN,WIFI LS EN,control,1.8V,nRF->LSW,nRF,LSW,low (OFF),100k pulldown (R11-R20),no,yes,required: default-safe pull + leakage/reverse-feed check,keep away from SW nodes; verify default pull before MCU boot,no / TBD,3,L-Temple AON/Power Board; R-Temple Compute Board,U13.EN=TPS22917DBVR; U7.WIFI_LS_EN=nRF54L15-QFN48; R17.A=100k,100k pulldown
AON_1V8,AON 1V8,power,1.8V,source->loads,nPM1300 BUCK1,loads,on,none / TBD,no,no,not a power-domain crossing,wide/short copper; local decoupling; current-sense Kelvin where named,no / TBD,9,Front Sensor Board; L-Temple AON/Power Board,U7.VDD_1V8=nRF54L15-QFN48; U8.BUCK1=nPM1300; U9.VDD_1V8=NDP120; U10.VDD=BMI270; U10.VDDIO=BMI270; U17.VIN=TPS22917DBVR; J3.AON_1V8=Hirose FH26W 0.3mm FPC; R3.A=2.2k 1%; R4.A=2.2k 1%,always-on nPM1300 BUCK1
AON_3V3,AON 3V3,power,3.3V,source->loads,nPM1300 BUCK2,loads,on,none / TBD,no,no,not a power-domain crossing,wide/short copper; local decoupling; current-sense Kelvin where named,no / TBD,7,Front Sensor Board; L-Temple AON/Power Board,U7.VDD_3V3=nRF54L15-QFN48; U8.BUCK2=nPM1300; U9.VDD_3V3=NDP120; MK1.VDD=T5837 (wake mic); MK2.VDD=T5837 (array mic 1); MK3.VDD=T5837 (array mic 2); J3.AON_3V3=Hirose FH26W 0.3mm FPC,always-on nPM1300 BUCK2
BLE_ANT,BLE RF antenna feed,analog,RF,see endpoints,U7.ANT (L-Temple AON/Power Board),J6.ANT (Temple Rears (batt/spkr/ant)),-,none / TBD,no,yes,required: default-safe pull + leakage/reverse-feed check,"50 ohm controlled impedance, pi-match, antenna keep-out",RF-approved only if required,2,L-Temple AON/Power Board; Temple Rears (batt/spkr/ant),U7.ANT=nRF54L15-QFN48; J6.ANT=BLE 2.4 GHz FPC/PCB ant,50R; separated from Wi-Fi antenna
CAM_1V1_EN,CAM 1V1 EN,control,1.8V,nRF->buck,nRF,buck,low (OFF),100k pulldown (R11-R20),no,yes,required: default-safe pull + leakage/reverse-feed check,keep away from SW nodes; verify default pull before MCU boot,no / TBD,4,Front Sensor Board; L-Temple AON/Power Board,U7.CAM_1V1_EN=nRF54L15-QFN48; U15.EN=TPS62840; J3.CAM_1V1_EN=Hirose FH26W 0.3mm FPC; R13.A=100k,100k pulldown
CAM_1V8_EN,CAM 1V8 EN,control,1.8V,nRF->LSW,nRF,LSW,low (OFF),100k pulldown (R11-R20),no,yes,required: default-safe pull + leakage/reverse-feed check,keep away from SW nodes; verify default pull before MCU boot,no / TBD,4,Front Sensor Board; L-Temple AON/Power Board,U7.CAM_1V8_EN=nRF54L15-QFN48; U17.EN=TPS22917DBVR; J3.CAM_1V8_EN=Hirose FH26W 0.3mm FPC; R14.A=100k,100k pulldown
CAM_2V9_EN,CAM 2V9 EN,control,1.8V,nRF->LDO,nRF,LDO,low (OFF),100k pulldown (R11-R20),no,yes,required: default-safe pull + leakage/reverse-feed check,keep away from SW nodes; verify default pull before MCU boot,no / TBD,4,Front Sensor Board; L-Temple AON/Power Board,U7.CAM_2V9_EN=nRF54L15-QFN48; U16.EN=TLV75529PDRVR; J3.CAM_2V9_EN=Hirose FH26W 0.3mm FPC; R15.A=100k,100k pulldown
AUDIO_LS_EN,AUDIO LS EN,control,1.8V,nRF->LSW,nRF,LSW,low (OFF),100k pulldown (R11-R20),no,yes,required: default-safe pull + leakage/reverse-feed check,keep away from SW nodes; verify default pull before MCU boot,no / TBD,4,L-Temple AON/Power Board; R-Temple Compute Board; Temple Rears (batt/spkr/ant),U7.AUDIO_LS_EN=nRF54L15-QFN48; U21.EN=TPS22917DBVR; J4.AUDIO_LS_EN=Custom hinge FPC 6-10mm; R19.A=100k,100k pulldown
AUDIO_AMP_SD,AUDIO AMP SD,control,Vbat,nRF->amp,nRF,amp,low (muted),100k pulldown (R11-R20),no,yes,required: default-safe pull + leakage/reverse-feed check,keep away from SW nodes; verify default pull before MCU boot,no / TBD,3,L-Temple AON/Power Board; R-Temple Compute Board,U7.AMP_SD=nRF54L15-QFN48; U20.SD_MODE=MAX98360A; R20.A=100k,100k pulldown
I2C_AON_SCL,I2C AON SCL,bus,1.8V,controller->targets,controller,targets,pull-up 2.2k,2.2k to AON_1V8 (R3/R4),no,yes,required: default-safe pull + leakage/reverse-feed check,standard layout; verify at pinmux/placement,no / TBD,14,Front Sensor Board; L-Temple AON/Power Board; R-Temple Compute Board; Temple Rears (batt/spkr/ant),U7.I2C_SCL=nRF54L15-QFN48; U8.I2C_SCL=nPM1300; U10.SCL=BMI270; U22.SCL=DRV2605L; U25.SCL=INA238 (I_BAT_TOTAL); U26.SCL=INA238 (I_CELL_L); U27.SCL=INA238 (I_CELL_R); U28.SCL=INA238 (I_SOC_5V); U29.SCL=INA238 (I_WIFI); U30.SCL=INA238 (I_AUDIO); U31.SCL=INA238 (I_CAM_1V1); U32.SCL=INA238 (I_CAM_1V8); U33.SCL=INA238 (I_CAM_2V9); R3.B=2.2k 1%,nPM1300/BMI270/INA238
I2C_AON_SDA,I2C AON SDA,bus,1.8V,bidirectional open-drain,U7.I2C_SDA (L-Temple AON/Power Board),U8.I2C_SDA (L-Temple AON/Power Board); U10.SDA (L-Temple AON/Power Board); U22.SDA (L-Temple AON/Power Board); U25.SDA (L-Temple AON/Power Board); U26.SDA (Temple Rears (batt/spkr/ant)); U27.SDA (Temple Rears (batt/spkr/ant)); U28.SDA (R-Temple Compute Board); U29.SDA (R-Temple Compute Board); U30.SDA (R-Temple Compute Board); U31.SDA (Front Sensor Board); U32.SDA (Front Sensor Board); U33.SDA (Front Sensor Board); R4.B (L-Temple AON/Power Board),pull-up 2.2k,2.2k to AON_1V8 (R3/R4),no,yes,required: default-safe pull + leakage/reverse-feed check,standard layout; verify at pinmux/placement,no / TBD,14,Front Sensor Board; L-Temple AON/Power Board; R-Temple Compute Board; Temple Rears (batt/spkr/ant),U7.I2C_SDA=nRF54L15-QFN48; U8.I2C_SDA=nPM1300; U10.SDA=BMI270; U22.SDA=DRV2605L; U25.SDA=INA238 (I_BAT_TOTAL); U26.SDA=INA238 (I_CELL_L); U27.SDA=INA238 (I_CELL_R); U28.SDA=INA238 (I_SOC_5V); U29.SDA=INA238 (I_WIFI); U30.SDA=INA238 (I_AUDIO); U31.SDA=INA238 (I_CAM_1V1); U32.SDA=INA238 (I_CAM_1V8); U33.SDA=INA238 (I_CAM_2V9); R4.B=2.2k 1%,derived from endpoints; verify at the owning gate
PMIC_INT_L,PMIC INT L,control,1.8V unless final pinmux says otherwise,see endpoints,U7.PMIC_INT_L (L-Temple AON/Power Board),U8.INT (L-Temple AON/Power Board),TBD at pinmux freeze,none / TBD,no,no,not a power-domain crossing,keep away from SW nodes; verify default pull before MCU boot,no / TBD,2,L-Temple AON/Power Board,U7.PMIC_INT_L=nRF54L15-QFN48; U8.INT=nPM1300,derived from endpoints; verify at the owning gate
PMIC_SHPHLD,PMIC SHPHLD,control,1.8V unless final pinmux says otherwise,see endpoints,U7.PMIC_SHPHLD (L-Temple AON/Power Board),U8.SHPHLD (L-Temple AON/Power Board),TBD at pinmux freeze,none / TBD,no,no,not a power-domain crossing,keep away from SW nodes; verify default pull before MCU boot,no / TBD,2,L-Temple AON/Power Board,U7.PMIC_SHPHLD=nRF54L15-QFN48; U8.SHPHLD=nPM1300,derived from endpoints; verify at the owning gate
IMU_INT1,IMU INT1,signal,TBD,see endpoints,U7.IMU_INT1 (L-Temple AON/Power Board),U10.INT1 (L-Temple AON/Power Board),TBD at pinmux freeze,none / TBD,no,no,not a power-domain crossing,standard layout; verify at pinmux/placement,no / TBD,2,L-Temple AON/Power Board,U7.IMU_INT1=nRF54L15-QFN48; U10.INT1=BMI270,derived from endpoints; verify at the owning gate
IMU_INT2,IMU INT2,signal,TBD,see endpoints,U7.IMU_INT2 (L-Temple AON/Power Board),U10.INT2 (L-Temple AON/Power Board),TBD at pinmux freeze,none / TBD,no,no,not a power-domain crossing,standard layout; verify at pinmux/placement,no / TBD,2,L-Temple AON/Power Board,U7.IMU_INT2=nRF54L15-QFN48; U10.INT2=BMI270,derived from endpoints; verify at the owning gate
DSP_SPI_SCK,DSP SPI SCK,bus,1.8V unless final pinmux says otherwise,owner->peer,owner,peer,TBD at pinmux freeze,none / TBD,no,no,not a power-domain crossing,standard layout; verify at pinmux/placement,no / TBD,2,L-Temple AON/Power Board,U7.DSP_SCK=nRF54L15-QFN48; U9.HOST_SCK=NDP120,derived from endpoints; verify at the owning gate
DSP_SPI_MOSI,DSP SPI MOSI,bus,1.8V unless final pinmux says otherwise,owner->peer,owner,peer,TBD at pinmux freeze,none / TBD,no,no,not a power-domain crossing,standard layout; verify at pinmux/placement,no / TBD,2,L-Temple AON/Power Board,U7.DSP_MOSI=nRF54L15-QFN48; U9.HOST_MOSI=NDP120,derived from endpoints; verify at the owning gate
DSP_SPI_MISO,DSP SPI MISO,bus,1.8V unless final pinmux says otherwise,peer->owner,peer,owner,TBD at pinmux freeze,none / TBD,no,no,not a power-domain crossing,standard layout; verify at pinmux/placement,no / TBD,2,L-Temple AON/Power Board,U7.DSP_MISO=nRF54L15-QFN48; U9.HOST_MISO=NDP120,derived from endpoints; verify at the owning gate
DSP_SPI_CS_n,DSP SPI CS n,bus,1.8V unless final pinmux says otherwise,owner->peer,owner,peer,TBD at pinmux freeze,none / TBD,no,no,not a power-domain crossing,standard layout; verify at pinmux/placement,no / TBD,2,L-Temple AON/Power Board,U7.DSP_CS_n=nRF54L15-QFN48; U9.HOST_CS_n=NDP120,derived from endpoints; verify at the owning gate
DSP_WAKE,NDP120 wake interrupt to nRF,control,1.8V,NDP120->nRF,NDP120,nRF,low,none / TBD,no,no,not a power-domain crossing,keep away from SW nodes; verify default pull before MCU boot,no / TBD,2,L-Temple AON/Power Board,U7.DSP_WAKE=nRF54L15-QFN48; U9.WAKE=NDP120,wake IRQ
DSP_READY,NDP120 ready indication,control,1.8V,NDP120->nRF,NDP120,nRF,low,none / TBD,no,no,not a power-domain crossing,keep away from SW nodes; verify default pull before MCU boot,no / TBD,2,L-Temple AON/Power Board,U7.DSP_READY=nRF54L15-QFN48; U9.READY=NDP120,derived from endpoints; verify at the owning gate
DSP_FAULT,NDP120 fault indication,control,1.8V,NDP120->nRF,NDP120,nRF,low,none / TBD,no,no,not a power-domain crossing,keep away from SW nodes; verify default pull before MCU boot,no / TBD,2,L-Temple AON/Power Board,U7.DSP_FAULT=nRF54L15-QFN48; U9.FAULT=NDP120,derived from endpoints; verify at the owning gate
DSP_RESET_L,"NDP120 reset, active low",control,1.8V,nRF->NDP120,nRF,NDP120,low (reset),none / TBD,no,no,not a power-domain crossing,keep away from SW nodes; verify default pull before MCU boot,no / TBD,2,L-Temple AON/Power Board,U7.DSP_RST_n=nRF54L15-QFN48; U9.RESET_n=NDP120,active low
HAPTIC_EN,HAPTIC EN,control,1.8V unless final pinmux says otherwise,see endpoints,U7.HAPTIC_EN (L-Temple AON/Power Board),U22.EN (L-Temple AON/Power Board),low (OFF),none / TBD,no,no,not a power-domain crossing,keep away from SW nodes; verify default pull before MCU boot,no / TBD,2,L-Temple AON/Power Board,U7.HAPTIC_EN=nRF54L15-QFN48; U22.EN=DRV2605L,derived from endpoints; verify at the owning gate
NRF_SWDIO,NRF SWDIO,bus,1.8V unless final pinmux says otherwise,see endpoints,U7.SWDIO (L-Temple AON/Power Board),TP1.SWDIO (EVT Debug Tail),TBD at pinmux freeze,none / TBD,no,yes,required: default-safe pull + leakage/reverse-feed check,standard layout; verify at pinmux/placement,no / TBD,2,EVT Debug Tail; L-Temple AON/Power Board,U7.SWDIO=nRF54L15-QFN48; TP1.SWDIO=UART/SWD pogo pads,derived from endpoints; verify at the owning gate
NRF_SWDCLK,NRF SWDCLK,bus,1.8V unless final pinmux says otherwise,see endpoints,U7.SWDCLK (L-Temple AON/Power Board),TP1.SWDCLK (EVT Debug Tail),TBD at pinmux freeze,none / TBD,no,yes,required: default-safe pull + leakage/reverse-feed check,standard layout; verify at pinmux/placement,no / TBD,2,EVT Debug Tail; L-Temple AON/Power Board,U7.SWDCLK=nRF54L15-QFN48; TP1.SWDCLK=UART/SWD pogo pads,derived from endpoints; verify at the owning gate
NPM_VBAT,NPM VBAT,power,Vbat,source->loads,RS1 pack-total shunt,loads,live,none / TBD,no,no,not a power-domain crossing,wide/short copper; local decoupling; current-sense Kelvin where named,no / TBD,3,L-Temple AON/Power Board,U8.VBAT=nPM1300; RS1.B=10 mohm 1% 1W; U25.IN_N=INA238 (I_BAT_TOTAL),nPM1300 VBAT (after RS1 total shunt)
USB_5V,USB 5V,power,5V,source->loads,USB-C or magnetic pogo VBUS,loads,ext,none / TBD,no,no,not a power-domain crossing,wide/short copper; local decoupling; current-sense Kelvin where named,VBUS ESD/OV strategy required,3,EVT Debug Tail; L-Temple AON/Power Board; Temple Rears (batt/spkr/ant),U8.VBUS=nPM1300; J1.VBUS=Magnetic pogo 4-6p; J2.VBUS=USB-C 16p USB2-only,VBUS present only when charging
VSYS,VSYS,power,Vbat,source->loads,nPM1300 power-path output,loads,live,none / TBD,no,no,not a power-domain crossing,wide/short copper; local decoupling; current-sense Kelvin where named,no / TBD,12,Front Sensor Board; L-Temple AON/Power Board; R-Temple Compute Board; Temple Rears (batt/spkr/ant),U8.VSYS=nPM1300; U15.VIN=TPS62840; U16.VIN=TLV75529PDRVR; U22.VDD=DRV2605L; J3.VSYS=Hirose FH26W 0.3mm FPC; J4.VSYS=Custom hinge FPC 6-10mm; RS4.A=10 mohm 1%; RS5.A=50 mohm 1%; RS6.A=50 mohm 1%; U28.IN_P=INA238 (I_SOC_5V); U29.IN_P=INA238 (I_WIFI); U30.IN_P=INA238 (I_AUDIO),nPM1300 power-path system node
AON_LSW2,AON LSW2,power,TBD,source->loads,nPM1300 load switch 2,loads,on/live in AON mode,none / TBD,no,no,not a power-domain crossing,wide/short copper; local decoupling; current-sense Kelvin where named,no / TBD,2,Front Sensor Board; L-Temple AON/Power Board,U8.LSW2=nPM1300; MK4.VDD=T5837 (4th mic),derived from endpoints; verify at the owning gate
NTC_R,NTC R,analog,analog,see endpoints,U8.NTC_R (L-Temple AON/Power Board),RT1.A (Temple Rears (batt/spkr/ant)); TP2.NTC_R (Temple Rears (batt/spkr/ant)),-,none / TBD,no,yes,required: default-safe pull + leakage/reverse-feed check,standard layout; verify at pinmux/placement,no / TBD,3,L-Temple AON/Power Board; Temple Rears (batt/spkr/ant),U8.NTC_R=nPM1300; RT1.A=10k NTC (R cell); TP2.NTC_R=Battery test points,per-cell NTC (§15)
NTC_L,NTC L,analog,analog,see endpoints,U8.NTC_L (L-Temple AON/Power Board),RT2.A (Temple Rears (batt/spkr/ant)); TP2.NTC_L (Temple Rears (batt/spkr/ant)),-,none / TBD,no,yes,required: default-safe pull + leakage/reverse-feed check,standard layout; verify at pinmux/placement,no / TBD,3,L-Temple AON/Power Board; Temple Rears (batt/spkr/ant),U8.NTC_L=nPM1300; RT2.A=10k NTC (L cell); TP2.NTC_L=Battery test points,per-cell NTC (§15)
PDM_WAKE_CLK,Dedicated wake-mic PDM clock,bus,AON,NDP120->mic,NDP120,mic,off,none / TBD,no,yes,required: default-safe pull + leakage/reverse-feed check,"short clock, continuous ground; keep out of boost/SW/RF zones",no / TBD,3,Front Sensor Board; L-Temple AON/Power Board,U9.PDM_CLK=NDP120; MK1.CLK=T5837 (wake mic); J3.PDM_WAKE_CLK=Hirose FH26W 0.3mm FPC,wake mic PDM; 0R/22R debug pos; single master
PDM_WAKE_DATA,Dedicated wake-mic PDM data,bus,1.8V unless final pinmux says otherwise,wake mic->NDP120,wake mic,NDP120,TBD at pinmux freeze,none / TBD,no,yes,required: default-safe pull + leakage/reverse-feed check,"short clock, continuous ground; keep out of boost/SW/RF zones",no / TBD,3,Front Sensor Board; L-Temple AON/Power Board,U9.PDM_DATA=NDP120; MK1.DATA=T5837 (wake mic); J3.PDM_WAKE_DATA=Hirose FH26W 0.3mm FPC,derived from endpoints; verify at the owning gate
CAM_1V1_S,CAM 1V1 S,power,1.1V,source->loads,RS7 Kelvin sense output to camera DVDD,loads,off until owning regulator is enabled,none / TBD,no,no,not a power-domain crossing,wide/short copper; local decoupling; current-sense Kelvin where named,no / TBD,3,Front Sensor Board,U14.DVDD_1V1=IMX415-AAQR module (custom FPC); RS7.B=100 mohm 1%; U31.IN_N=INA238 (I_CAM_1V1),derived from endpoints; verify at the owning gate
CAM_1V8_S,CAM 1V8 S,power,1.8V,source->loads,RS8 Kelvin sense output to camera IOVDD,loads,off until owning regulator is enabled,none / TBD,no,no,not a power-domain crossing,wide/short copper; local decoupling; current-sense Kelvin where named,no / TBD,3,Front Sensor Board,U14.IOVDD_1V8=IMX415-AAQR module (custom FPC); RS8.B=100 mohm 1%; U32.IN_N=INA238 (I_CAM_1V8),derived from endpoints; verify at the owning gate
CAM_2V9_S,CAM 2V9 S,power,2.9V,source->loads,RS9 Kelvin sense output to camera AVDD,loads,off until owning regulator is enabled,none / TBD,no,no,not a power-domain crossing,wide/short copper; local decoupling; current-sense Kelvin where named,no / TBD,3,Front Sensor Board,U14.AVDD_2V9=IMX415-AAQR module (custom FPC); RS9.B=100 mohm 1%; U33.IN_N=INA238 (I_CAM_2V9),derived from endpoints; verify at the owning gate
CAM_1V1_SW,CAM 1V1 SW,signal,1.1V,see endpoints,U15.SW (Front Sensor Board),L3.A (Front Sensor Board),TBD at pinmux freeze,none / TBD,no,no,not a power-domain crossing,standard layout; verify at pinmux/placement,no / TBD,2,Front Sensor Board,U15.SW=TPS62840; L3.A=Cam 1V1 buck inductor (TBD),derived from endpoints; verify at the owning gate
CAM_1V1,CAM 1V1,power,1.1V,source->loads,TPS62840 output,loads,off,none / TBD,no,no,not a power-domain crossing,wide/short copper; local decoupling; current-sense Kelvin where named,no / TBD,4,Front Sensor Board,U15.VOUT=TPS62840; L3.B=Cam 1V1 buck inductor (TBD); RS7.A=100 mohm 1%; U31.IN_P=INA238 (I_CAM_1V1),IMX415 DVDD
CAM_2V9,CAM 2V9,power,2.9V,source->loads,TLV75529 output,loads,off,none / TBD,no,no,not a power-domain crossing,wide/short copper; local decoupling; current-sense Kelvin where named,no / TBD,3,Front Sensor Board,U16.VOUT=TLV75529PDRVR; RS9.A=100 mohm 1%; U33.IN_P=INA238 (I_CAM_2V9),IMX415 AVDD
CAM_1V8_SW,CAM 1V8 SW,power,1.8V,source->loads,TPS22917 camera I/O load-switch output,loads,off,none / TBD,no,no,not a power-domain crossing,wide/short copper; local decoupling; current-sense Kelvin where named,no / TBD,5,Front Sensor Board,U17.VOUT=TPS22917DBVR; RS8.A=100 mohm 1%; U32.IN_P=INA238 (I_CAM_1V8); R5.A=2.2k 1%; R6.A=2.2k 1%,IMX415 IOVDD
AUDIO_PWR,AUDIO PWR,power,Vbat,source->loads,TPS22917 audio load-switch output,loads,off,none / TBD,no,no,not a power-domain crossing,wide/short copper; local decoupling; current-sense Kelvin where named,no / TBD,2,R-Temple Compute Board,U20.VDD=MAX98360A; U21.VOUT=TPS22917DBVR,"Class-D amp, gated"
SPK_P,SPK P,diff,TBD,see endpoints,U20.OUT_P (R-Temple Compute Board),LS1.P (Temple Rears (batt/spkr/ant)),hi-Z when source domain is off,none / TBD,SPK_N,yes,required: default-safe pull + leakage/reverse-feed check,standard layout; verify at pinmux/placement,no / TBD,2,R-Temple Compute Board; Temple Rears (batt/spkr/ant),U20.OUT_P=MAX98360A; LS1.P=8 ohm 0.5-1 W speaker,derived from endpoints; verify at the owning gate
SPK_N,SPK N,diff,TBD,see endpoints,U20.OUT_N (R-Temple Compute Board),LS1.N (Temple Rears (batt/spkr/ant)),hi-Z when source domain is off,none / TBD,SPK_P,yes,required: default-safe pull + leakage/reverse-feed check,standard layout; verify at pinmux/placement,no / TBD,2,R-Temple Compute Board; Temple Rears (batt/spkr/ant),U20.OUT_N=MAX98360A; LS1.N=8 ohm 0.5-1 W speaker,derived from endpoints; verify at the owning gate
AUDIO_IN,AUDIO IN,power,Vbat,source->loads,RS6 from VSYS,loads,off until owning regulator is enabled,none / TBD,no,no,not a power-domain crossing,wide/short copper; local decoupling; current-sense Kelvin where named,no / TBD,3,R-Temple Compute Board,U21.VIN=TPS22917DBVR; RS6.B=50 mohm 1%; U30.IN_N=INA238 (I_AUDIO),derived from endpoints; verify at the owning gate
HAPTIC_P,HAPTIC P,diff,TBD,see endpoints,U22.OUT_P (L-Temple AON/Power Board),M1.P (Temple Rears (batt/spkr/ant)),hi-Z when source domain is off,none / TBD,HAPTIC_N,yes,required: default-safe pull + leakage/reverse-feed check,standard layout; verify at pinmux/placement,no / TBD,2,L-Temple AON/Power Board; Temple Rears (batt/spkr/ant),U22.OUT_P=DRV2605L; M1.P=LRA/ERM motor,derived from endpoints; verify at the owning gate
HAPTIC_N,HAPTIC N,diff,TBD,see endpoints,U22.OUT_N (L-Temple AON/Power Board),M1.N (Temple Rears (batt/spkr/ant)),hi-Z when source domain is off,none / TBD,HAPTIC_P,yes,required: default-safe pull + leakage/reverse-feed check,standard layout; verify at pinmux/placement,no / TBD,2,L-Temple AON/Power Board; Temple Rears (batt/spkr/ant),U22.OUT_N=DRV2605L; M1.N=LRA/ERM motor,derived from endpoints; verify at the owning gate
BATR_P,BATR P,power,Vbat,source->loads,right LP451165 cell,loads,on/live in AON mode,none / TBD,no,no,not a power-domain crossing,wide/short copper; local decoupling; current-sense Kelvin where named,no / TBD,3,Temple Rears (batt/spkr/ant),BT1.+=LP451165 300mAh (R); F1.A=PTC/fuse (R branch); TP2.CELL_R=Battery test points,derived from endpoints; verify at the owning gate
CELL_NEG,CELL NEG,power,Vbat,source->loads,source,loads,live,none / TBD,no,no,not a power-domain crossing,wide/short copper; local decoupling; current-sense Kelvin where named,no / TBD,7,L-Temple AON/Power Board; Temple Rears (batt/spkr/ant),BT1.-=LP451165 300mAh (R); BT2.-=LP451165 300mAh (L); R21.A=0R (pack-PCM baseline); U23.VSS=BQ2970; Q1.D_CELL=Dual N-MOSFET (b2b); C2.B=0.1uF; TP2.CELL_NEG=Battery test points,cells- ; 0R bypass OR protection FETs (§17)
BATL_P,BATL P,power,Vbat,source->loads,left LP451165 cell,loads,on/live in AON mode,none / TBD,no,no,not a power-domain crossing,wide/short copper; local decoupling; current-sense Kelvin where named,no / TBD,3,Temple Rears (batt/spkr/ant),BT2.+=LP451165 300mAh (L); F2.A=PTC/fuse (L branch); TP2.CELL_L=Battery test points,derived from endpoints; verify at the owning gate
BATR_F,BATR F,power,Vbat,source->loads,F1 branch fuse,loads,on/live in AON mode,none / TBD,no,no,not a power-domain crossing,wide/short copper; local decoupling; current-sense Kelvin where named,no / TBD,3,Temple Rears (batt/spkr/ant),F1.B=PTC/fuse (R branch); RS3.A=10 mohm 1%; U27.IN_P=INA238 (I_CELL_R),derived from endpoints; verify at the owning gate
BATL_F,BATL F,power,Vbat,source->loads,F2 branch fuse,loads,on/live in AON mode,none / TBD,no,no,not a power-domain crossing,wide/short copper; local decoupling; current-sense Kelvin where named,no / TBD,3,Temple Rears (batt/spkr/ant),F2.B=PTC/fuse (L branch); RS2.A=10 mohm 1%; U26.IN_P=INA238 (I_CELL_L),derived from endpoints; verify at the owning gate
BAT_P,BAT P,power,Vbat,source->loads,RS2/RS3 branch shunts from LP451165 1S2P pack,loads,live,none / TBD,no,no,not a power-domain crossing,wide/short copper; local decoupling; current-sense Kelvin where named,no / TBD,9,L-Temple AON/Power Board; Temple Rears (batt/spkr/ant),RS2.B=10 mohm 1%; RS3.B=10 mohm 1%; RS1.A=10 mohm 1% 1W; R22.A=330R; TP2.PACK_P=Battery test points; J4.BAT_P=Custom hinge FPC 6-10mm; U25.IN_P=INA238 (I_BAT_TOTAL); U26.IN_N=INA238 (I_CELL_L); U27.IN_N=INA238 (I_CELL_R),protected 1S2P pack +
PROT_VDD,PROT VDD,power,Vbat,source->loads,BQ2970 VDD RC network (DNP fallback),loads,off until owning regulator is enabled,none / TBD,no,no,not a power-domain crossing,wide/short copper; local decoupling; current-sense Kelvin where named,no / TBD,3,L-Temple AON/Power Board,U23.VDD=BQ2970; R22.B=330R; C2.A=0.1uF,derived from endpoints; verify at the owning gate
PROT_VM,PROT VM,analog,Vbat,see endpoints,U23.V- (L-Temple AON/Power Board),R23.B (L-Temple AON/Power Board),passive / sensed,none / TBD,no,no,not a power-domain crossing,standard layout; verify at pinmux/placement,no / TBD,2,L-Temple AON/Power Board,U23.V-=BQ2970; R23.B=2k,derived from endpoints; verify at the owning gate
PROT_DO,PROT DO,analog,Vbat,see endpoints,U23.DO (L-Temple AON/Power Board),Q1.G_DIS (L-Temple AON/Power Board),passive / sensed,none / TBD,no,no,not a power-domain crossing,standard layout; verify at pinmux/placement,no / TBD,2,L-Temple AON/Power Board,U23.DO=BQ2970; Q1.G_DIS=Dual N-MOSFET (b2b),derived from endpoints; verify at the owning gate
PROT_CO,PROT CO,analog,Vbat,see endpoints,U23.CO (L-Temple AON/Power Board),Q1.G_CHG (L-Temple AON/Power Board),passive / sensed,none / TBD,no,no,not a power-domain crossing,standard layout; verify at pinmux/placement,no / TBD,2,L-Temple AON/Power Board,U23.CO=BQ2970; Q1.G_CHG=Dual N-MOSFET (b2b),derived from endpoints; verify at the owning gate
USB_CC1,USB CC1,bus,1.8V unless final pinmux says otherwise,bidirectional,J2.CC1 (EVT Debug Tail),R1.A (EVT Debug Tail),TBD at pinmux freeze,5.1k Rd to GND,no,no,not a power-domain crossing,standard layout; verify at pinmux/placement,no / TBD,2,EVT Debug Tail,J2.CC1=USB-C 16p USB2-only; R1.A=5.1k 1%,derived from endpoints; verify at the owning gate
USB_CC2,USB CC2,bus,1.8V unless final pinmux says otherwise,bidirectional,J2.CC2 (EVT Debug Tail),R2.A (EVT Debug Tail),TBD at pinmux freeze,5.1k Rd to GND,no,no,not a power-domain crossing,standard layout; verify at pinmux/placement,no / TBD,2,EVT Debug Tail,J2.CC2=USB-C 16p USB2-only; R2.A=5.1k 1%,derived from endpoints; verify at the owning gate
